Date	1INCH	AAVE	ADA	ALCX	ALGO	ALPHA	AR	AVAX	BAL	BAT	BNB	BTC	BUSD	CRV	DOGE	DOT	ETH	FTM	FTT	IMX	JPY	LINK	LOOKS	MATIC	MOB	NANO	SOL	SRM	STORJ	SUSHI	TFUEL	UNI	USDJPY	USDT	XEM	XMR	XRP	YFI	ZEC
2022-03-31																																							
2022-03-30																																							
2022-03-29																																							
2022-03-28																																							
2022-03-27																																							
2022-03-26																																							
2022-03-25																																							
2022-03-24																																							
2022-03-23																																							
2022-03-22																																							
2022-03-21																																							
2022-03-20																																							
2022-03-19																																							
2022-03-18																																							
2022-03-17			0.8384								385.46		0.9995																										
2022-03-16																																							
2022-03-15																																							
2022-03-14																																							
2022-03-13																																							
2022-03-12																																							
2022-03-11																																							
2022-03-10																																							
2022-03-09																																							
2022-03-08																																							
2022-03-07																																							
2022-03-06																					0.008722197994												114.65						
2022-03-05																					0.008722197994												114.65						
2022-03-04																					0.008722197994												114.65						
2022-03-03																					0.008645283998												115.67						
2022-03-02																					0.008651267411												115.59						
2022-03-01				135.53				84.35						2.44			2,919.78	1.7815	45.97		0.008705493166						99.54	2.0892					114.87						
2022-02-28				120.59				74.98						2.19			2,621.17	1.5872	41.57		0.008687342542						85.50	1.9035					115.11						
2022-02-27				130.37				81.79						2.38			2,780.50	1.7698	43.32		0.00864902266						90.12	1.9798					115.62						
2022-02-26				128.83				80.85						2.35			2,764.99	1.7213	43.05		0.00864902266						92.61	1.9448					115.62						
2022-02-25				122.94				76.54						2.24			2,598.44	1.4890	41.27		0.00864902266						89.23	1.8392					115.62						
2022-02-24				131.06				73.67						2.30			2,588.17	1.5816	40.87		0.008661758337						84.86	1.8805					115.45						
2022-02-23				133.71				74.54						2.40			2,639.45	1.6094	41.56		0.008686587908						86.47	1.9513					115.12						
2022-02-22				131.87				70						2.34			2,572.90	1.5410	39.87		0.008700191404						83.11	1.9106					114.94						
2022-02-21				136.73				77.3						2.56			2,627.67	1.7294	40.90		0.00868960723						90.88	2.0625					115.08						
2022-02-20				142.01				85.11						2.80			2,763.76	1.8762	42.80		0.00868960723						91.44	2.1528					115.08						
2022-02-19				145.56				83.82						2.81			2,784.87	1.8667	43.13		0.00868960723						90.05	2.1609					115.08						
2022-02-18				151.98				88.22						2.91			2,884.34	1.8953	43.67		0.00868960723						93.46	2.209					115.08						
2022-02-17				169.91				95.25						3.18			3,126.86	2.0686	46.48		0.008693384335						101.90	2.4355					115.03						
2022-02-16				172.98				92.75						3.17			3,180.45	2.0891	47.20		0.008664760419						104.93	2.452					115.41						
2022-02-15				157.07				82.03						2.90			2,933.73	1.9294	44.88		0.008647526807						96.44	2.2686					115.64						
2022-02-14				156.57				78.2						2.76			2,880.19	1.8993	44.49		0.008641548566						93.19	2.2579					115.72						
2022-02-13				160.8				81.21						2.87			2,916.79	1.9491	44.18		0.008627383315						95.89	2.2795					115.91						
2022-02-12				161.82				81.76						2.89			2,927.39	1.9405	43.43		0.008627383315						96.40	2.3315					115.91						
2022-02-11				174.01				91.17						3.20			3,077.41	2.1095	44.89		0.008627383315						106.23	2.4867					115.91						
2022-02-10				183.32				90.03						3.50			3,240.11	2.2517	47.92		0.008632596685						114.02	2.6441					115.84						
2022-02-09				177.08				86.55						3.43			3,121.18	2.2090	46.47		0.008662508663						113.53	2.557					115.44						
2022-02-08				183.77				83.22						3.57			3,143.01	2.3210	47.21		0.00864902266						117.41	2.6891					115.62						
2022-02-07				177.2				78.8						3.38			3,057.42	2.1595	46.62		0.008688852203						115.28	2.5587					115.09						
2022-02-06				177.26				77.24						3.43			3,014.96	2.0925	46.22		0.008679048776						113.90	2.5314					115.22						
2022-02-05				179.27				77.47						3.43			2,984.45	2.1224	45.97		0.008679048776						112.21	2.4274					115.22						
2022-02-04				154.27				68.11						3.10			2,681.06	1.9546	42.55		0.008679048776						101.34	2.2509					115.22						
2022-02-03				160.15				67.86						3.11			2,682.23	1.9227	42.92		0.008704735376						101.83	2.2579					114.88						
2022-02-02				178.68				73.43						3.47			2,791.96	2.0721	45.24		0.008744316194						110.02	2.3686					114.36						
2022-02-01				171.76				69.98						3.29			2,687.90	2.0472	43.67		0.008713078331						99.73	2.3142					114.77						
2022-01-31				167.25				67.98						3.19			2,603.26	2.0310	41.10		0.008679048776						93.30	2.3094					115.22						
2022-01-30				172.84				72.11						2.99			2,598.56	2.0960	41.68		0.008679802101						96.25	2.2563					115.21						
2022-01-29				170.23				67.12						2.91			2,546.59	2.1273	40.04		0.008679802101						91.35	2.1998					115.21						
2022-01-28				141.16				64.64						2.78			2,421.65	2.0798	38.28		0.008679802101						89.53	2.1164					115.21						
2022-01-27				147.14				65.97						2.87			2,467.19	2.2521	36.52		0.008660258076						92.22	2.1167					115.47						
2022-01-26				150.14				67.89						3.02			2,455.58	2.3797	36.44		0.008746610688						94.72	2.1033					114.33						
2022-01-25				157.16				62.9				36,654.80		2.82			2,440.39	2.2538	35.61		0.008781173165						91.66	2.1135					113.88						
2022-01-24				167.97				64.75			384.04	36,275.73	1.0010	3.01			2,535.89	2.2828	35.96		0.008785802144						99.62	2.2592					113.82						
2022-01-23				159.42				59.79			358.33	35,047.36	1.0005	2.88			2,406.92	1.9623	33.52		0.008793527963						94.31	2.2046					113.72						
2022-01-22				175.21				65.97				36,471.59		3.31			2,561.15	2.2796	38.47		0.008793527963		4.0452				111.98	2.434					113.72						
2022-01-21				222.15				79.14			440.07	40,699.61	1.0001	3.97			3,002.96	2.7220	45.24		0.008793527963						127.33	2.7639					113.72						
2022-01-20				227.43				82.9						4.20			3,095.27	2.7817	46.73		0.008765778401						135.79	2.8958					114.08						
2022-01-19				248.68				86.02						4.56			3,163.85	2.9543	44.96		0.008750437522		5.8695				141.55	2.9942					114.28						
2022-01-18				265.25				86.75						4.77			3,212.29	2.9336	44.40		0.00872600349						139.93	3.0053					114.6						
2022-01-17				296.9				92.26						5.14			3,350.95	3.3043	46.44		0.008780402142						147.88	3.1733					113.89						
2022-01-16				311.69				93.3						5.29			3,330.39	3.0089	46.06		0.008780402142						147.79	3.2226					113.89						
2022-01-15				314.52				90.35						5.35			3,309.84	2.9605	44.63		0.008780402142						146.18	3.167					113.89						
2022-01-14				302.43				89.48						5.01			3,248.65	2.9974	40.93		0.008780402142						146.03	3.0849					113.89						
2022-01-13				311.47				95.82						4.90			3,372.10	2.9411	41.44		0.008767315448						151.69	3.17					114.06						
2022-01-12				303.33				89.52						4.61			3,238.45	2.5836	39.75		0.008715356458						140.20	3.0249					114.74						
2022-01-11				271.15				84.53						4.30			3,082.99	2.2275	38.09		0.008667013347						135.94	2.9027					115.38						
2022-01-10				285.2				89.26						4.52			3,157.57	2.3944	37.21		0.008685079034						140.83	3.0319					115.14						
2022-01-09				285.77				84.05						4.61			3,091.70	2.2920	35.24		0.008649770781						142.54	2.98					115.61						
2022-01-08				308.75				86.75						5.00			3,193.50	2.6039	35.49		0.008649770781						136.40	3.0989					115.61						
2022-01-07				356.77				95.18						5.40			3,417.84	2.8998	38.67		0.008649770781						150.41	3.2617					115.61						
2022-01-06				366.64				97.83						5.42			3,549.71	2.9523	38.20		0.008637070306						155.11	3.4052					115.78						
2022-01-05				296.41				103.26						6.07			3,794.27	2.8788	41.44		0.008627383315						167.94	3.608					115.91						
2022-01-04				323.91				108.15						6.51			3,761.36	2.8599	40.23		0.008611780916						170.29	3.6483					116.12						
2022-01-03				318.92				113.17						6.03			3,829.54	2.4849	40.18		0.008675284116						176.39	3.8065					115.27						
2022-01-02				315.57				114.2						6.21			3,769.30	2.5821	40.19		0.008682816706						178.53	3.6605					115.17						
2022-01-01				274.43				109.38						5.35			3,683.05	2.2555	38.31		0.008682816706						170.31	3.4162					115.17						
2021-12-31				236.75		0.690469		101.85	16.71					5.1184			3,713.43	2.1014	38.93	0.184602	0.008682816706				10.0815		172.70	3.4822		10.2557			115.17					30,225	
2021-12-30				236.77		0.683977		103.10	15.84					4.8464			3,632.22	2.1360	38.55	0.181589	0.008682816706				10.4098		170.76	3.4097		9.2512			115.17					28,624	
2021-12-29				250.68		0.713741		107.12	16.44		534.85			4.7273			3,797.44	2.2303	40.06	0.192736	0.008697921197				10.5437		177.39	3.6437		9.0660			114.97					28,722	
2021-12-28				223.33		0.775087		113.76	18.20					5.2792			4,037.54	2.1998	42.60	0.193838	0.00871459695				10.5886		195.62	4.0576		9.1395			114.75					31,749	
2021-12-27				202.30		0.750418		115.11	18.15					5.7428			4,064.75	2.3372	42.62	0.184280	0.008707009142				10.7384		197.88	4.0389		7.9290			114.85					31,142	
2021-12-26				203.63		0.764596		115.01	18.25					5.8378			4,094.15	2.1118	42.76	0.181650	0.008739730816				11.1098		192.92	4.11		7.6092			114.42					31,231	
2021-12-25				201.42		0.744316		115.06	18.34					5.1893			4,049.78	2.0834	42.73	0.181682	0.008739730816				10.9237		190.53	4.0378		7.9659			114.42					32,563	
2021-12-24				212.17		0.778020		121.40	19.17					5.1898			4,111.35	1.8636	43.10	0.202326	0.008739730816				10.6173		190.10	3.8894		7.3061			114.42					31,569	
2021-12-23				198.89		0.728700		116.73	17.93					5.0502			3,981.96	1.5983	41.35	0.199273	0.008739730816				10.5654		178.50	3.6684		6.3739			114.42					31,638	
2021-12-22				186.51		0.703929		123.38	18.55					4.6229			4,018.70	1.4818	41.98	0.200818	0.008755034145				10.6032		179.86	3.5356		5.8331			114.22					34,685	
2021-12-21				184.89		0.665807		113.40	18.13					4.1148			3,938.46	1.3633	40.53	0.197737	0.008763473841				11.0533		173.69	3.3355		5.4496			114.11					36,738	
2021-12-20				187.93		0.681877		107.68	17.46					4.1479			3,923.70	1.4277	39.74	0.202510	0.008814455707				11.3937		179.98	3.3872		5.3264			113.45					31,979	
2021-12-19				192.87		0.680297		115.85	18.06					4.5188			3,960.87	1.4212	39.91	0.203910	0.008805917577				11.3724		182.85	3.4943		5.6052			113.56					31,328	
2021-12-18				192.02		0.654247		111.01	16.39					4.2862			3,880.29	1.4039	37.57	0.206177	0.008805917577				11.3173		175.66	3.351		5.5206			113.56					33,628	
2021-12-17				203.69		0.666748		98.18	14.86					3.8268			3,959.01	1.4274	38.38	0.207481	0.008805917577				11.9547		176.89	3.4747		5.6947			113.56					24,637	
2021-12-16				207.75		0.685590		101.21	14.93					3.7035			4,020.42	1.4760	39.24	0.210404	0.008797395971				12.3111		178.59	3.5665		5.9512			113.67					20,653	
2021-12-15				200.53		0.666002		87.27	14.04					3.4288			3,862.25	1.3157	38.86	0.195698	0.008785030308				12.1644		161.36	3.4383		5.7402			113.83					20,130	
2021-12-14				198.52		0.648319		79.05	13.67					3.3152			3,782.82	1.2794	37.71	0.187604	0.008800492828				12.2086		155.14	3.3511		5.6397			113.63					19,597	
2021-12-13				226.63		0.743298		88.10	15.24					3.8487			4,136.36	1.4926	41.31	0.214935	0.008816787163				14.3696		173.10	3.8105		5.5880			113.42					21,754	
2021-12-12				224.16		0.745102		86.43	15.23					3.7306			4,084.81	1.4866	40.43	0.215061	0.008821453776				14.3371		171.95	3.7622		5.7220			113.36					21,518	
2021-12-11				215.30		0.724237		80.79	14.85					3.3514			3,909.67	1.4178	38.68	0.220790	0.008821453776				14.8062		167.92	3.6223		5.1001			113.36					20,093	
2021-12-10				232.27		0.757811		85.56	15.42					3.6657			4,113.59	1.4202	40.24	0.234006	0.008821453776				15.8724		181.47	3.9369		5.5187			113.36					21,023	
2021-12-09				281.63		0.839036		93.03	16.33		606.64			4.1676			4,433.02	1.6436	44.02	0.245733	0.008808244517			2.4171	15.8520		194.48	4.3632		6.6008			113.53					23,080	
2021-12-08				283.05		0.843316		89.69	15.89					4.1623			4,311.67	1.5936	42.91	0.243290	0.008785030308				15.5593		190.51	4.2509		5.8731			113.83					22,055	
2021-12-07				285.30		0.763852		93.35	16.12					3.7233			4,358.59	1.6031	44.04	0.252016	0.008802042074			2.2844	13.7239		194.28	4.1145		6.3212			113.61					23,898	
2021-12-06				288.78		0.755359		86.48	15.83					3.6022			4,199.00	1.5307	43.87	0.272561	0.008825346395				13.4398		196.55	4.0487		5.2810			113.31					23,783	
2021-12-05				294.53		0.826581		93.02	16.50					3.7400			4,119.63	1.7202	44.02	0.301598	0.008858965273				12.5575		200.78			5.8265			112.88					24,673	
2021-12-04	3.1490	226.14		309.95		0.983569	53.43	108.74	18.99				1.00000	4.3960			4,227.76	1.9881	47.12	0.321014	0.008858965273	23.38			14.0902		212.11	5.1609		6.8556	0.315492	19.99	112.88			224.11	0.924092	27544.07000	206.98
2021-12-03				331.42		0.944995		107.87	20.07					4.7468			4,514.36	2.0669	49.38	0.329982	0.008858965273				14.1062		233.60			7.3766			112.88					28,831	
2021-12-02				355.15		0.948823		119.68	20.67					4.9898			4,586.33	2.1432	50.82	0.366534	0.00884173298				14.3997		229.85			7.5563			113.1					28,942	
2021-12-01				384.02		0.940325		120.25	21.07					5.0466			4,623.68	2.1365	50.63	0.401787	0.008863676653				13.9749		208.39			8.0218			112.82					29,566	
2021-11-30				382.63		0.954233		120.44	20.95					4.6872			4,447.77	2.1637	51.70	0.388596	0.008832361774				13.9731		204.23			7.4691			113.22					30,185	
2021-11-29				392.43		0.930845		110.50	20.66					4.8785			4,296.95	2.1129	50.90	0.378047	0.008791208791				14.6001		200.82			7.9425			113.75					30,037	
2021-11-28				307.31		0.918151		113.75	19.77					4.8491			4,101.65	2.0854	48.14	0.375015	0.00881367883				14.7630		193.28			7.0643			113.46					29,235	
2021-11-27				310.29		0.856237		104.30	19.45					4.9266			4,043.00	2.1158	47.57	0.363721	0.00881367883				14.0583		192.28			7.0189			113.46					28,717	
2021-11-26				385.11		0.933053		119.16	22.46	1.419964		58,960.29		5.9216			4,522.21	2.4691	53.00	0.399384	0.00881367883				16.2192		210.05		2.2054	8.1930			113.46					32,045	
2021-11-25				353.16		0.897217		115.09	21.00					5.8517			4,271.39	2.5886	50.09	0.364342	0.008670019074				13.7154		205.89	5.5537		7.9632			115.34					31,119	
2021-11-24				373.23		0.937401		123.88	21.77					5.0424			4,340.04	2.3142	50.53	0.351846	0.008670019074				11.8641		221.86			8.3687			115.34					31,642	
2021-11-23				354.37		0.925314		134.87	20.27					4.2474			4,089.68	1.9494	49.40	0.334580	0.008697164724				12.0443		215.84			8.2345			114.98					31,193	
2021-11-22				378.85		0.979642		128.78	21.10					3.8029			4,266.51	2.0792	51.85	0.504530	0.008719155986				12.6886		230.99			8.7581			114.69					31,643	
2021-11-21				388.90		1.004904		125.83	22.13					3.9427			4,412.20	2.1809	53.38	2.312647	0.008786574115				12.3498		217.78			9.0476			113.81					31,994	
2021-11-20				376.68		0.938171		112.08	20.54					3.9703			4,298.35	2.2639	52.49	0.393036	0.008786574115				12.0766		215.41			9.0101			113.81					31,806	
2021-11-19				355.22		0.892484		100.46	19.40					4.1315			3,995.73	1.8455	50.27	0.503800	0.008786574115				11.4368		195.07			8.7866			113.81					32,457	
2021-11-18				418.87		1.002562		107.58	21.49					4.0329			4,287.80	2.1498	51.56	5.403085	0.008755034145				12.1173		218.88			9.7421			114.22					31,194	
2021-11-17				430.73		1.015891		98.03	21.05					3.7112			4,213.91	2.2058	50.36	0.473596	0.008746610688				12.1010		219.30			9.6655			114.33					30,663	
2021-11-16				474.16		1.159902		94.03	23.63					3.9412			4,570.48	2.4749	55.01	0.445696	0.008724480893				12.8100		238.50			10.3571			114.62					33,510	
2021-11-15				420.60		1.161577		95.42	24.37					4.1307			4,627.09	2.5892	56.01	0.374488	0.008775008775				13.1313		238.73			11.0537			113.96					33,580	
2021-11-14				440.01		1.175031		97.56	24.31					4.2289			4,648.63	2.6190	55.74	0.345486	0.008779631255				12.8208		241.86			11.1909			113.9					32,782	
2021-11-13				434.17		1.188517		84.80	24.12					4.0285			4,666.72	2.6314	58.02	0.571507	0.008779631255				13.4885		228.60			10.9800			113.9					32,253	
2021-11-12				448.81		1.138614		87.88	24.91					4.1775			4,724.31	2.6019	59.24	0.466884	0.008779631255				14.6696		233.72			11.1516			113.9					33,772	
2021-11-11				447.87		1.104019		85.38	24.36					4.0984			4,635.45	2.6482	59.03	0.488822	0.008780402142				14.3346		233.91			11.1172			113.89					33,069	
2021-11-10				484.26		1.198553	72.59	88.30	26.35			66,953.34		4.5221			4,733.36	2.8679	62.38	0.496338	0.008780402142				13.4921		239.13	7.5076		11.9650			113.89					34,568	
2021-11-09				523.64		1.188115	78.82	91.07	26.67			67,549.73		4.6365			4,810.07	3.1637	65.26	0.535719	0.008859750155				12.5435		248.36	7.8400		12.3092			112.87					35,663	
2021-11-08				539.34		1.165720	76.45	87.71	26.13		650.47	63,344.07		4.5009			4,619.65	2.8709	64.06	0.535518	0.008837825895				12.6268		249.98	7.7275		12.1054			113.15					35,570	
2021-11-07				499.05		1.133710	82.36	78.81	26.15			61,554.92		4.1148			4,523.98	2.7706	61.58	0.478882	0.008814455707				12.3594		258.78	7.8512		11.8602			113.45					33,919	
2021-11-06				494.05		1.162237	75.58	74.30	27.01			61,068.88		4.0887			4,482.65	2.6577	58.93	0.573701	0.008814455707				12.9597		236.49	7.6426		12.1461			113.45					34,040	
2021-11-05				505.78		1.191832	85.75	79.05	27.48			61,460.08		4.1606			4,537.42	2.7692	59.68	0.702141	0.008814455707				14.0955		247.27	8.1234		12.9775			113.45					34,036	
2021-11-04				528.80		1.161061	76.79	75.58	28.55			62,941.80		4.3716			4,604.68	2.6716	62.53	0.627511	0.008800492828				9.4255		243.10	8.6981		13.4316			113.63					34,725	
2021-11-03				586.20		1.204738	74.91	67.77	27.31			63,254.34		4.2765			4,589.68	2.7239	61.18	0.838565	0.008767315448				9.1312		221.08	7.7524		12.1172			114.06					35,018	
2021-11-02				452.90		1.069045	53.30	64.97	26.25			60,963.25		4.5081			4,322.50	2.7040	59.14	0.864052	0.008788890842				9.0141		203.52	7.5205		12.7690			113.78					34,878	
2021-11-01				447.19		1.021653	54.87	64.50	24.68			61,320.45		4.4205			4,288.22	2.8654	59.38	0.764776	0.008757334267				9.1154		202.63	7.2474		10.8482			114.19					34,120	
2021-10-31				466.39		1.013352		62.31	24.53					4.7369			4,322.74	2.6657	59.54	0.852603	0.008769622029				9.2828		195.77			11.0895			114.03					33,821	
2021-10-30				465.83		1.039435		64.73	26.08					4.6557			4,414.24	2.8760	61.33	0.443017	0.008769622029				9.7915		200.23			11.4289			114.03					34,896	
2021-10-29				433.63		1.004492		64.38	26.17					4.7808			4,288.69	2.9238	60.27	0.412433	0.008769622029				9.6396		194.91			10.9812			114.03					34,294	
2021-10-28				396.19		0.960703		61.53	23.96					4.4179			3,924.82	3.0956	57.97	0.378383	0.008819897689				9.6273		184.52			10.1436			113.38					33,858	
2021-10-27				450.50		1.093828		68.67	24.48					4.6354			4,132.17	3.1399	62.77	0.396268	0.008791208791				9.5464		199.87			11.3708			113.75					37,599	
2021-10-26				420.22		1.050116		69.71	22.36					4.7887			4,217.34	3.0403	65.67	0.405094	0.008757334267				9.0865		209.53			10.7561			114.19					34,769	
2021-10-25				386.12		1.013792		64.55	21.53					3.5031			4,084.43	2.7020	61.82	0.355182	0.008795074758				7.4612		202.32			10.5371			113.7					34,544	
2021-10-24				395.10		1.060044		65.44	22.37					3.6948			4,171.86	2.5572	63.45	0.376615	0.008807468733				8.4073		197.97			10.9985			113.54					35,829	
2021-10-23				376.27		1.057110		65.53	22.01					3.3208			3,971.36	2.6182	62.84	0.375139	0.008807468733				8.3415		196.30			10.6837			113.54					34,592	
2021-10-22				384.49		1.035509		61.45	22.20					2.8568			4,055.69	2.2245	61.57	0.436383	0.008807468733				8.6619		190.45			10.8957			113.54					34,306	
2021-10-21				395.72		1.056424		59.63	22.97					2.9341			4,161.71	2.4263	61.37	0.440604	0.008791208791				9.3153		176.77			11.5298			113.75					36,033	
2021-10-20				363.99		1.024548		56.81	21.89					2.7928			3,877.73	2.3545	57.07	0.372971	0.008753501401				9.1757		155.88			10.7184			114.24					34,770	
2021-10-19				359.96		1.041963		55.53	21.66					2.7948			3,747.16	2.2194	55.53	0.296877	0.00875120329				9.1396		157.21			10.8074			114.27					33,846	
2021-10-18				371.99		1.017872		56.04	22.57					2.8690			3,847.73	2.3018	56.39	0.266178	0.008755034145				9.3927		160.00			11.1374			114.22					34,805	
2021-10-17				376.24		1.065161		57.57	22.76					2.9082			3,829.86	2.1387	56.31	0.281986	0.00874814102				9.2145		157.46			11.3862			114.31					35,048	
2021-10-16				391.13		1.029611		56.31	22.73					2.8960			3,865.67	1.9286	56.99	0.279567	0.00874814102				9.3806		163.01			11.0782			114.31					35,985	
2021-10-15				395.48		1.058352		56.18	22.36					2.8865			3,790.15	2.0281	55.47	0.278083	0.00874814102				9.5027		150.05			10.7581			114.31					35,388	
2021-10-14				402.61		1.031651		54.99	21.37					2.9608			3,604.96	2.0126	54.09	0.205638	0.008803591865				9.2546		148.02			10.2790			113.59					34,630	
2021-10-13				331.80		0.971176		54.35	20.41					2.6863			3,492.75	2.0929	52.83	0.191445	0.008811349018				9.5432		152.52			10.0445			113.49					34,812	
2021-10-12				259.14		0.965543		55.34	20.72					2.6981			3,546.48	2.3383	54.57	0.185059	0.00879584836				10.1218		145.01			10.3453			113.69					35,541	
2021-10-11				251.79		0.961484		56.59	20.71					2.7015			3,419.73	2.0281	53.51	0.192997	0.008916629514				9.9282		147.80			10.2649			112.15					32,658	
2021-10-10				261.67		1.035562		60.57	21.94					2.9046			3,575.02	2.1606	55.93	0.221549	0.008916629514				9.8456		156.75			10.9485			112.15					33,999	
2021-10-09				262.65		1.056422		60.40	21.90					2.9502			3,560.00	2.2948	55.08	0.269384	0.008916629514				9.9561		158.70			10.7113			112.15					34,557	
2021-10-08				266.49		1.078875		61.52	21.97					2.8096			3,587.83	2.0234	55.76	0.309153	0.008916629514				9.8275		154.26			10.7805			112.15					32,162	
2021-10-07				257.03		1.044088		60.03	22.02					2.7387			3,576.81	1.6083	56.77	0.201289	0.008968609865				10.1287		153.96			10.5341			111.5					32,069	
2021-10-06			2.233100	255.72		1.039468		64.60	22.15		442.41	51,486.66		2.9368		31.40	3,516.57	1.4134	58.86	0.144128	0.008982304859				9.8872		164.61			10.8498			111.33					31,924	
2021-10-05				239.35		1.000719		65.25	21.85					2.8802			3,381.78	1.3970	55.91	0.140749	0.008977466559				9.7894		166.99			10.3559			111.39					30,777	
2021-10-04				243.92	1.984018	0.992192		68.68	22.74	0.728911	430.58			2.8145			3,418.78	1.4669	56.74	0.147039	0.009013881377			1.3263	10.0129		172.96			10.8230			110.94					31,362	
2021-10-03				243.40		0.987891		69.13	22.39					2.5379			3,390.77	1.4589	56.14	0.143010	0.009011444535				10.0559		169.11			10.9040			110.97					31,964	
2021-10-02				240.18		0.951142		67.63	21.71					2.5370			3,308.87	1.4169	55.25	0.149733	0.009011444535				10.1799		161.59			10.8229			110.97					31,676	
2021-10-01				216.17		0.866336		66.63	19.79					2.3352			3,001.13	1.2064	51.68	0.114552	0.009011444535				9.5796		141.38			10.1519			110.97					29,180	
2021-09-30				207.85		0.830500		65.51	19.02					2.2891			2,852.56	1.2015	49.96	0.111890	0.008968609865				9.2196		135.41			9.5156			111.5					28,594	
2021-09-29				210.84		0.789932		61.60	18.84					2.2314			2,809.30	1.1756	48.23	0.111995	0.008942144326				9.6638		132.34			9.6942			111.83					28,227	
2021-09-28				225.16		0.822848		66.37	19.84					2.3717			2,928.96	1.2803	51.67	0.114449	0.008982304859				9.9498		136.51			10.0150			111.33					28,647	
2021-09-27				241.46		0.851006		66.88	20.84					2.5549			3,065.84	1.1810	55.93	0.115167	0.009011444535				10.1789		135.93			11.4392			110.97					30,427	
2021-09-26				237.82		0.851928		68.35	20.37					2.3129			2,926.34	1.2436	54.89	0.113038	0.009031791908				10.5641		136.22			9.5214			110.72					30,318	
2021-09-25				238.24		0.871923		72.39	20.21					2.4280			2,930.88	1.1992	52.92	0.114648	0.009031791908				10.4949		139.30			9.6898			110.72					29,319	
2021-09-24				253.99		0.956339		76.46	21.94					2.7907			3,154.56	1.2630	57.63	0.119661	0.009031791908				10.9993		149.94			10.6412			110.72					31,282	
2021-09-23				247.58		0.924922		74.09	21.68					2.4504				1.2504	55.78	0.128565	0.009076881184				10.7641		148.06			10.5156			110.17					30,512	
2021-09-22				216.58		0.807112		58.98	19.69					2.1945				0.9837	51.29	0.113041	0.009124920157				10.1670		124.18			9.2102			109.59					27,347	
2021-09-21		291.88	2.071700	249.91	1.659	0.884698		57.33	21.24			42,946.80		2.4077	0.208235	28.3	2,973.01	1.1482	52.93	0.118693	0.009146620324			1.1349	11.5914		132.76		1.1422	10.3101	0.261864		109.33			245.38		29,482	118.97
2021-09-20		340.16	2.283400	288.20	1.9734	1.068667		70.09	24.77			47,261.41		3.0417	0.233161	33.84	3,329.67	1.4575	60.79	0.132892	0.00913492281			1.3147	13.3206		152.79		1.3425	12.0470	0.298623		109.47			217.33		33,004	133.65
2021-09-19		355.02	2.370000	301.32	2.0671	1.099194		68.86	25.74			48,268.86		2.8789	0.241281	34.85	3,433.29	1.3310	63.65	0.151467	0.009095870475			1.3643	13.8662		169.23		1.4013	12.6825	0.309005		109.94			232.64		33,902	138.54
2021-09-18		353.99	2.347400	305.37	1.9216	1.116172		70.07	25.84			47,273.53		2.8037	0.239928	33.01	3,397.42	1.2465	61.54	0.169742	0.009095870475			1.4206	13.5141		147.45		1.3772	12.5032	0.30617		109.94			259.95		33,233	134.30
2021-09-17		384.00	2.418400	322.70	2.0394	1.190182		67.67	27.98			47,771.00		3.1059	0.242098	35.53	3,569.57	1.3075	67.48	0.178408	0.009095870475			1.3847	13.3168		152.35		1.4296	14.9189	0.31616		109.94			271.68		34,806	137.97
2021-09-16		415.25	2.503900	316.76	2.0146	1.221233		57.89	28.24			48,158.91		3.0165	0.247542	36.49	3,613.07	1.4419	71.16	0.170442	0.009118263883			1.4166	13.9525		158.81		1.4785	15.1777	0.326959		109.67			262.39		36,510	139.87
2021-09-15		384.11	2.397300	314.77	2.0373	1.170658		51.50	26.96			47,098.00		2.7951	0.24059	37.38	3,431.22	1.2044	67.68	0.116152	0.009140767824			1.3176	13.9697		158.42		1.4190	13.1893	0.315993		109.4			264.13		35,699	133.64
2021-09-14		330.98	2.403200	306.55	2.1635	1.070237		53.20	25.11			44,960.05		2.3650	0.236063	34.87	3,286.32	1.3062	68.40	0.122871	0.009119095386			1.2475	13.6477		169.77		1.3595	11.0783	0.29757		109.66			269.38		32,767	127.83
2021-09-13		333.68	2.582800	326.41	2.3811	1.121432		59.30	26.80			46,057.21		2.4300	0.250624	35.87	3,407.47	1.4432	73.53	0.117017	0.009095870475			1.3298	14.4117		174.42		1.4755	11.8827	0.319353		109.94			268.55		33,298	131.38
2021-09-12		328.89	2.641300	302.48	1.9948	1.080274		57.10	24.87			45,206.63		2.2715	0.241329	31.63	3,270.29	1.5494	72.64	0.113791	0.009096697899			1.3172	14.3704		179.23		1.4318	10.5793	0.310569		109.93			263.41		32,985	128.60
2021-09-11		312.21	2.385200	300.08	2.0112	1.098343		49.48	24.42			44,869.84		2.1422	0.239826	29.18	3,209.03	1.4942	72.81	0.119601	0.009096697899			1.3036	14.3745		179.37		1.4321	10.1314	0.30782		109.93			256.51		32,818	128.14
2021-09-10		330.41	2.517700	339.99	2.3008	1.168223		40.73	26.05			46,396.66		2.3738	0.252585	29.82	3,425.56	1.6588	79.53	0.124942	0.009096697899			1.3672	14.4873		187.61		1.5825	11.0016	0.330923		109.93			250.03		34,335	137.50
2021-09-09		327.18	2.406700	349.91	1.9521	1.112039		36.58	26.09			45,774.74		1.9270	0.250362	27.21	3,452.55	1.6447	77.69	0.127032	0.009110787172			1.2918	14.6870		209.47		1.4424	11.1721	0.319437		109.76			249.27		34,003	132.81
2021-09-08		344.73	2.506900	336.68	1.2679	1.146821		37.66	26.40			46,827.76		1.9864	0.254266	27.88	3,428.38	1.3991	70.99	0.130481	0.009064539521			1.3578	14.7314		173.28		1.4352	10.8683	0.338338		110.32			261.52		34,441	135.77
2021-09-07		408.67	2.832800	419.21	1.4621	1.406616		47.09	32.66			52,660.48		2.4857	0.308951	34.33	3,926.53	1.3917	73.31	0.153794	0.009076881184			1.6439	16.4351		164.18		1.8074	13.6165	0.440779		110.17			255.92		42,192	171.08
2021-09-06		416.92	2.911600	432.03	1.3143	1.387288		48.15	33.60			51,769.00		2.4795	0.314315	34.43	3,951.52	1.2158	63.53	0.164017	0.009120758847			1.6804	16.7429		142.06		1.7126	14.2757	0.390449		109.64			262.13		42,899	172.85
2021-09-05		397.96	2.831400	425.09	1.2085	1.335532		47.20	33.22			49,937.86		2.2722	0.299324	32.38	3,886.33	1.0612	60.89	0.157733	0.009120758847			1.7405	16.6851		138.99		1.7310	13.0952	0.375377		109.64			314.96		41,480	160.15
2021-09-04		394.97	2.966400	429.45	1.2187	1.384831		45.90	33.25			50,009.32		2.2072	0.296068	33.58	3,937.91	0.9796	63.58	0.156170	0.009120758847			1.4573	16.9818		146.42		1.5794	13.0773	0.369061		109.64			315.46		40,397	156.43
2021-09-03		399.74	2.959300	418.16	1.1455	1.356669		47.65	32.38			49,288.25		2.2075	0.294754	31.8	3,787.49	0.8469	60.16	0.151303	0.009120758847			1.4465	16.8675		128.39		1.5277	13.1201	0.344608		109.64			305.22		38,705	150.77
2021-09-02		413.05	2.869800	461.77	1.1589	1.315399		42.48	32.10			48,807.85		2.3106	0.294393	33.19	3,825.03	0.8711	65.19	0.156910	0.00909008272			1.4695	16.6751		110.73		1.5160	13.8341	0.341604		110.01			303.78		40,017	151.72
2021-09-01		392.06	2.769900	364.46	1.1158	1.222321		39.54	27.74			47,099.77		2.2369	0.278062	31.45	3,430.76	0.7161	48.51	0.149461	0.009088430428			1.3378	16.0649		107.44		1.4733	12.0631	0.330901		110.03			302.81		38,403	143.93
2021-08-31		357.68	2.737600	333.74	1.0198	1.093444		41.46	26.53			47,024.34		2.0980	0.271878	26.05	3,227.76	0.8014	46.29	0.135440	0.009086778737			1.3168	16.3676		109.76		1.4719	11.5131	0.324841		110.05			303.11		36,243	141.16
2021-08-30		364.58	2.850700	318.78	1.0227	1.093397		47.48	26.87			48,834.85		2.1070	0.281233	25.73	3,227.19	0.5858	47.44	0.132138	0.009098353198			1.4208	17.1876		94.34		1.5930	11.6122	0.329676		109.91			286.11		37,523	148.59
2021-08-29		367.21	2.850000	327.36	1.0383	1.092407		50.24	27.70			48,911.25		2.0959	0.285863	25.97	3,246.77	0.5229	51.16	0.134874	0.009104151493			1.458	17.3934		96.56		1.5253	11.7874	0.329098		109.84			281.88		38,095	150.59
2021-08-28		372.99	2.947300	331.93	1.0661	1.132898		50.14	27.23			49,072.59		2.1836	0.294631	26.57	3,275.10	0.4924	49.50	0.145095	0.009104151493			1.5194	17.0401		88.00		1.4630	12.2159	0.336953		109.84			291.85		37,820	152.34
2021-08-27		351.27	2.531800	331.57	0.9906	1.069553		41.37	25.58			46,894.55		2.0564	0.268819	23.96	3,096.41	0.4337	45.82	0.135587	0.009104151493			1.3739	18.0771		74.81		1.4039	11.6261	0.318266		109.84			300.52		36,167	144.12
2021-08-26		384.45	2.741200	343.83	1.0653	1.169142		46.26	27.61			49,002.64		2.1992	0.292794	26	3,228.75	0.4980	49.59	0.122459	0.009083477155			1.5285	19.5355		71.97		1.4026	12.2596	0.342421		110.09			315.21		38,295	163.84
2021-08-25		378.63	2.725600	340.63	1.04	1.161011		55.57	27.64			47,727.26		2.0998	0.289218	25.1	3,174.27	0.4821	47.54	0.121373	0.009088430428			1.4756	20.3284		70.68		1.3172	12.3321	0.332059		110.03			291.95		37,137	155.65
2021-08-24		408.74	2.920000	360.40	1.1595	1.133066		46.52	30.36			49,562.35		2.3690	0.318386	27.93	3,324.86	0.5517	50.70	0.139676	0.009117432531			1.6265	22.0036		75.78		1.4100	13.8043	0.351148		109.68			314.21		40,035	165.29
2021-08-23		401.24	2.708600	350.25	1.1581	1.172143		43.63	30.12			49,291.68		2.4452	0.314926	27.69	3,241.36	0.5559	50.24	0.119354	0.009109127346			1.6246	18.4290		72.77		1.3395	13.7755	0.337462		109.78			308.10		39,519	160.55
2021-08-22		400.13	2.436900	357.57	1.1492	0.983811		43.73	29.11			48,869.11		2.2231	0.317085	27.89	3,226.23	0.5736	51.31	0.144237	0.009109957183			1.5847	17.7630		73.87		1.3445	13.6729	0.337622		109.77			318.69		38,826	155.91
2021-08-21		409.23	2.457200	366.60	1.1385	1.032111		39.13	29.75			49,327.07		2.2709	0.327395	28.17	3,286.93	0.4926	50.35	0.140920	0.009109957183			1.5505	16.9658		78.70		1.3056	14.6754	0.338246		109.77			306.47		39,778	153.83
2021-08-20		404.96	2.437800	369.50	1.0443	0.920496		30.67	27.52			46,723.12		2.1523	0.317571	26.55	3,182.16	0.5065	49.74	0.158337	0.009109957183			1.4689	16.9687		72.75		1.2600	14.0019	0.331413		109.77			288.20		39,126	147.12
2021-08-19		380.91	2.105500	355.59	0.9226	0.890253		30.04	26.14			44,741.88		1.9180	0.303376	23.89	3,019.13	0.4146	46.65	0.149142	0.009111617312			1.3363	18.3312		72.84		1.1894	12.5638	0.324317		109.75			282.23		37,207	141.02
2021-08-18		381.34	1.924500	357.96	0.8838	0.907991		23.43	26.51			44,686.75		1.9226	0.299203	23.52	3,011.96	0.3913	44.72	0.150567	0.009097525473			1.3491	15.8932		64.17		1.2233	12.5847	0.332023		109.92			264.08		37,861	141.37
2021-08-17		412.90	2.072300	381.34	0.9455	0.960421		19.08	27.26			45,936.46		2.1260	0.319631	24.43	3,149.38	0.3951	47.07	0.170868	0.009124920157			1.4205	16.0214		62.12		1.3201	12.5682	0.357887		109.59			253.05		39,297	150.26
2021-08-16		410.54	2.167900	400.20	0.9958	1.017234		18.77	28.45			47,019.96		2.2226	0.340165	23.17	3,309.42	0.3473	51.47	0.170591	0.009152480322			1.4676	14.2665		53.54		1.3466	12.6195	0.345297		109.26			256.42		39,884	154.84
2021-08-15		414.72	2.189900	413.93	0.9327	0.988541		18.11	26.66			47,096.67		2.2636	0.294086	22.86	3,266.28	0.3382	50.18	0.183996	0.009111617312			1.4423	14.9148		44.15		1.3517	12.2125	0.348297		109.75			267.15		39,573	144.97
2021-08-14		427.57	2.138300	433.85	0.9548	1.027649		18.03	27.21			47,810.69		2.3606	0.286801	22.73	3,322.76	0.3443	50.64	0.179821	0.009111617312			1.5108	13.9346		44.85		1.2610	12.5648	0.352106		109.75			272.07		40,203	144.93
2021-08-13		392.85	1.832800	381.68	0.8849	0.952259		16.60	24.79			44,439.69		2.0343	0.264249	20.79	3,049.00	0.3080	49.19	0.166547	0.009111617312			1.3236	12.4850		41.11		1.1648	12.1588	0.333899		109.75			271.48		37,051	133.62
2021-08-12		403.26	1.795800	389.99	0.9123	0.995403		16.73	25.58			45,576.88		2.0415	0.264853	21.38	3,164.18	0.3209	50.51	0.175836	0.009061254078			1.3729	11.7318		41.70		1.2210	11.2275	0.341327		110.36			272.97		38,006	137.44
2021-08-11		384.25	1.677900	393.02	0.8832	0.930248		16.43	24.84			45,599.70		2.0686	0.257424	20.62	3,142.83	0.2969	48.90	0.184065	0.009052231375			1.1575	10.7152		40.65		1.1724	10.3753	0.3082		110.47			257.53		34,910	131.92
2021-08-10		374.39	1.475300	442.92	0.8568	0.960330		16.18	24.91			46,280.85		1.8778	0.256366	20.58	3,163.05	0.2788	48.82	0.184061	0.009046499005			1.1268	10.7570		38.68		1.1629	9.8121	0.305382		110.54			268.56		33,967	130.78
2021-08-09		360.84	1.426600	446.62	0.8251	0.865698		14.81	24.06			43,791.93		1.7574	0.240122	19.66	3,012.89	0.2670	43.59	0.156224	0.009070294785			1.0817	10.3665		37.66		1.1175	9.3912	0.285902		110.25			266.40		32,747	123.51
2021-08-08		385.27	1.473100	485.68	0.8763	0.935505		15.84	26.08			44,574.44		1.9133	0.261956	20.97	3,161.23	0.2862	44.91	0.180133	0.009072763564			1.1669	10.3431		39.47		1.1752	10.3492	0.310673		110.22			269.73		34,615	134.21
2021-08-07		369.73	1.402500	419.48	0.855	0.800403		14.76	25.09			42,832.80		1.9231	0.204846	20.42	2,891.71	0.2795	41.22	0.156990	0.009072763564			1.0808	10.0504		39.49		1.1510	9.8123	0.315773		110.22			257.15		33,215	126.87
2021-08-06		373.00	1.386200	382.73	0.8508	0.813008		13.83	24.02			40,865.87		1.7712	0.20096	19.13	2,827.50	0.2600	39.93	0.169308	0.009072763564			1.0656	10.1678		37.36		1.1022	9.6316	0.326501		110.22			271.34		32,926	119.20
2021-08-05		339.05	1.376900	367.56	0.8286	0.746763		13.70	22.68			39,744.52		1.6241	0.201575	19.16	2,725.67	0.2456	37.82	0.169528	0.009111617312			1.0539	9.8068		35.77		1.0914	8.7574	0.305079		109.75			262.96		33,008	118.07
2021-08-04		308.77	1.369800	333.42	0.8189	0.652502		12.56	21.65			38,213.33		1.5673	0.196312	17.42	2,508.54	0.2384	35.96	0.137803	0.009137426901			1.023	9.8999		34.11		1.0142	8.0901	0.294188		109.44			252.88		31,865	114.05
2021-08-03		320.69	1.309400	357.27	0.8179	0.675675		13.00	22.06			39,178.40		1.6259	0.203431	18.01	2,609.41	0.2509	37.89	0.160712	0.009166743056			1.0463	10.0814		33.19		1.0322	8.3505	0.303605		109.09			245.09		32,018	115.35
2021-08-02		316.80	1.315800	406.56	0.8128	0.675668		12.86	21.38			39,907.26		1.6590	0.204279	18.43	2,557.77	0.2457	34.94	0.155188	0.009155832265			1.0499	10.8961		34.19		1.0396	8.4928	0.310448		109.22			225.63		31,721	115.63
2021-08-01		331.07	1.320000	333.31	0.8374	0.634185		13.53	21.58			41,460.84		1.7085	0.207753	16.78	2,530.46	0.2555	35.17	0.160050	0.009115770283			1.083	10.3144		36.68		1.0422	8.8565	0.32937		109.7			232.80		33,125	111.21
2021-07-31		320.67	1.309900	320.08	0.8532	0.638568		12.98	20.71			42,196.30		1.6975	0.208638	15.8	2,461.58	0.2534	35.01	0.144417	0.009115770283			1.0677	10.4063		32.35		1.0184	8.4772	0.333085		109.7		0.173255	236.00		31,311	109.93
2021-07-30		311.88	1.285800	298.88	0.8464	0.618999		12.43	20.17			40,027.48		1.6213	0.205023	15.26	2,382.55	0.2497	32.61	0.146315	0.009115770283			1.0278	10.3030		31.28		1.0063	8.1778	0.333187		109.7			239.66		30,862	107.85
2021-07-29		297.85	1.286500	298.04	0.846	0.597908		12.32	19.86			39,995.45		1.5410	0.205591	14.53	2,299.01	0.2274	31.89	0.122269	0.009129918744			1.0168	10.5635		27.88		1.0182	8.1536	0.329174		109.53			242.40		29,858	105.79
2021-07-28		300.36	1.280800	294.26	0.8571	0.606595		11.93	20.06			39,503.19		1.5728	0.206111	14.4	2,302.08	0.2245	31.20	0.137777	0.009085953116			1.0426	10.4407		28.15		0.9255	8.2010	0.341884		110.06			241.55		29,656	103.01
2021-07-27		302.86	1.255900	292.89	0.8487	0.607667		11.46	19.62			37,276.04		1.5326	0.203836	13.93	2,230.20	0.2094	29.76	0.125635	0.009120758847			1.0156	10.2138		28.21		0.8581	8.2864	0.333243		109.64			235.33		30,073	101.51
2021-07-26		288.15	1.228700	288.12	0.8903	0.599023		11.25	19.12			35,384.03		1.5249	0.19803	13.74	2,191.31	0.1980	30.48	0.130996	0.009065361255			0.9397	9.7157		28.23		0.8361	8.3281	0.355619		110.31			226.08		29,947	100.43
2021-07-25		287.89	1.233600	286.47	0.8272	0.598251		11.15	19.22			34,290.29		1.5472	0.197173	13.78	2,187.15	0.1948	30.24	0.123048	0.009048136084			0.9486	9.5222		28.65		0.8304	8.0386	0.320695		110.52			218.09		29,498	99.29
2021-07-24		289.83	1.207100	271.83	0.8075	0.564259		11.07	18.64			33,593.73		1.6038	0.194823	13.39	2,123.96	0.1912	29.57	0.122444	0.009048136084			0.9485	9.4236		28.52		0.7980	8.5908	0.285553		110.52			213.55		29,388	97.68
2021-07-23		278.76	1.186200	265.12	0.7963	0.561958		10.84	17.89			32,305.96		1.5431	0.191359	13.17	2,025.11	0.1859	28.78	0.122585	0.009048136084			0.8812	8.7857		27.71		0.7855	8.2531	0.281635		110.52			208.65		28,498	97.50
2021-07-22		259.18	1.170300	253.82	0.7687	0.546287		10.43	17.67			32,138.87		1.4469	0.19048	12.33	1,994.82	0.1771	28.14	0.124254	0.009082652134			0.8889	8.9806		26.67		0.7662	7.0797	0.271981		110.1			203.69		28,246	95.18
2021-07-21		223.14	1.054300	231.54	0.6956	0.497075		9.64	16.07			29,796.29		1.2808	0.170527	10.96	1,786.28	0.1600	25.80	0.091420	0.009072763564			0.689	9.1585		23.44		0.7042	6.2927	0.230491		110.22			197.72		25,802	85.71
2021-07-20		238.38	1.122800	246.58	0.7498	0.467303		10.18	17.00			30,838.29		1.3412	0.173763	11.46	1,819.08	0.1705	24.91	0.091178	0.009097525473			0.7333	9.5908		24.51		0.7742	6.6454	0.260789		109.92			196.71		26,859	89.25
2021-07-19		253.94	1.182000	255.77	0.7992	0.515671		10.70	18.25			31,800.01		1.4138	0.181818	12.66	1,893.05	0.1902	26.06	0.113965	0.009136592051			0.7943	9.6999		26.67		0.8099	7.0868	0.296017		109.45			182.89		27,981	93.99
2021-07-18		253.27	1.172900	270.41	0.7848	0.513255		10.96	17.77			31,533.88		1.4262	0.186841	12.3	1,900.19	0.1964	26.37	0.115100	0.009080177971			0.8017	10.0199		26.78		0.7918	7.4936	0.275817		110.13			189.03		27,668	93.19
2021-07-17		253.37	1.171600	264.28	0.7839	0.533982		10.81	17.60			31,397.31		1.4180	0.172118	12.03	1,876.88	0.1934	25.50	0.114356	0.009080177971			0.8114	10.4026		26.25		0.8056	6.3496	0.262551		110.13			199.44		27,629	93.13
2021-07-16		271.90	1.225000	278.64	0.8338	0.564566		11.39	18.90			31,841.55		1.5032	0.185238	13.07	1,916.60	0.2116	25.94	0.116221	0.009080177971			0.8782	10.7096		28.55		0.8886	6.7127	0.289474		110.13			197.66		30,042	100.01
2021-07-15		279.45	1.263700	291.90	0.8588	0.613532		11.80	19.97			32,827.88		1.5974	0.197749	13.81	1,994.71	0.2195	28.45	0.122549	0.009086778737			0.9297	10.7572		31.36		0.9334	7.1268	0.300409		110.05			192.92		31,531	104.55
2021-07-14		271.18	1.264900	292.73	0.8748	0.669577		11.90	19.85			32,723.85		1.6023	0.199978	14.2	1,941.17	0.2227	29.71	0.119651	0.009088430428			0.9459	10.8085		29.14		0.8903	7.1339	0.311316		110.03			196.46		32,268	104.11
2021-07-13		297.05	1.314000	316.98	0.8686	0.748419		12.16	20.88			33,125.47		1.6825	0.208009	14.86	2,034.10	0.2241	30.51	0.128502	0.009061254078			0.9957	12.0383		30.79		0.9235	7.6436	0.332171		110.36			203.45		32,911	108.01
2021-07-12		304.91	1.348300	330.99	0.8928	0.769166		12.43	22.01			34,254.02		1.7566	0.21601	15.49	2,140.51	0.2316	30.98	0.132394	0.009061254078			1.0426	11.3511		32.17		0.9503	8.1488	0.346431		110.36			203.67		33,766	110.80
2021-07-11		294.70	1.335200	330.16	0.8925	0.753414		12.02	21.88			33,509.08		1.7490	0.213887	15.28	2,110.88	0.2259	30.16	0.139647	0.009076057361			1.0297	11.2392		31.69		0.9476	7.9903	0.342614		110.18			206.72		33,174	108.12
2021-07-10		302.94	1.350700	348.57	0.9057	0.739270		12.55	22.36			33,811.24		1.7677	0.219846	15.68	2,147.00	0.2342	30.21	0.147826	0.009076057361			1.0517	11.0005		33.32		0.9932	8.4069	0.35839		110.18			211.58		33,488	110.98
2021-07-09		290.82	1.327300	341.51	0.8669	0.737193		12.10	22.15			32,861.67		1.7532	0.207073	15.31	2,115.57	0.2384	28.76	0.153993	0.009076057361			1.0409	10.7855		33.13		1.0666	7.8973	0.382123		110.18			209.68		33,032	109.13
2021-07-08		315.19	1.405000	397.45	0.9068	0.908821		13.11	24.42			33,889.61		1.9449	0.224383	16.88	2,317.95	0.2584	30.06	0.170249	0.009105809506			1.1287	9.8276		36.72		0.9704	8.7869	0.353286		109.82			212.68		35,423	118.51
2021-07-07		316.51	1.416200	377.54	0.9128	0.788245		13.35	24.90			34,225.68		1.9673	0.234301	16.14	2,323.21	0.2495	28.79	0.142717	0.009039956608			1.1312	9.5654		34.23		0.9591	8.9850	0.354015		110.62			205.25		35,941	117.55
2021-07-06		308.00	1.404700	350.62	0.8741	0.606828		12.05	24.34			33,723.51		1.7995	0.231216	15.24	2,197.92	0.2298	25.34	0.130113	0.009036688957			1.1012	9.4292		32.93		0.8848	8.0757	0.353659		110.66			215.29		32,465	111.32
2021-07-05		277.11	1.461200	369.39	0.8804	0.530934		12.34	25.24			35,284.34		1.8409	0.246419	16	2,321.92	0.2425	27.45	0.145697	0.008986340762			1.147	9.8239		34.28		0.8650	7.9349	0.375558		111.28			221.86		33,394	120.33
2021-07-04		259.40	1.404000	349.74	0.877	0.459011		11.50	22.49			34,665.57		1.7568	0.246425	15.55	2,226.55	0.2345	28.00	0.140432	0.008986340762			1.118	9.6011		34.50		0.8661	7.6188	0.377188		111.28			214.47		32,650	116.20
2021-07-03		234.21	1.394200	334.94	0.8464	0.444500		11.11	21.23			33,854.42		1.6610	0.245106	15.32	2,150.83	0.2270	27.30	0.137377	0.008986340762			1.1028	9.6973		34.02		0.8550	7.4184	0.368715		111.28			219.96		32,040	118.57
2021-07-02		230.81	1.332900	330.35	0.835	0.436233		11.22	20.13			33,549.60		1.6996	0.243982	15.22	2,109.89	0.2215	26.25	0.138034	0.008986340762			1.0742	10.3319		33.31		0.7965	7.4267	0.378243		111.28			214.84		31,971	120.39
2021-07-01		250.71	1.383800	358.17	0.8823	0.484560		11.95	22.24			35,035.98		1.8153	0.253828	16.41	2,274.40	0.2411	27.48	0.140446	0.008963786303			1.1675	10.2689		35.51		0.8431	8.1578	0.411991		111.56			211.46		33,802	130.83
2021-06-30		238.12	1.373000	339.67	0.8884	0.474365		11.93	20.56			35,908.39		1.7917	0.263417	16.31	2,164.22	0.2357	26.93	0.132424	0.009004952724			1.1718	10.3537		33.96		0.8875	7.9365	0.427766		111.05			206.25		33,669	126.21
2021-06-29		227.00	1.325500	320.67	0.8425	0.420736		11.30	18.79			34,475.56		1.6088	0.257061	15.78	2,083.45	0.2253	25.49	0.131052	0.00904731747			1.1201	9.9844		33.01		0.7106	7.5900	0.428964		110.53			222.39		31,321	117.89
2021-06-28		202.76	1.337100	307.34	0.8348	0.383766		10.95	16.38			34,679.12		1.5850	0.264918	15.04	1,981.39	0.2173	24.61	0.124492	0.009049773756			1.1141	10.0214		31.88		0.6555	7.1243	0.431534		110.5			217.84		30,180	107.52
2021-06-27		187.31	1.251800	284.54	0.8106	0.358773		10.33	15.18			32,287.52		1.4905	0.246045	14.52	1,831.00	0.2128	22.86	0.119467	0.009026900162			1.0771	9.5767		29.75		0.6286	6.8326	0.424532		110.78			212.87		28,701	103.57
2021-06-26		187.07	1.254300	291.76	0.7944	0.354189		10.24	15.92			31,594.66		1.4451	0.237673	14.44	1,810.88	0.2060	23.32	0.135379	0.009026900162			1.0401	9.6731		28.61		0.6115	6.3010	0.426297		110.78			211.67		28,231	100.30
2021-06-25		211.20	1.359500	313.39	0.8738	0.395709		11.49	18.02			34,659.11		1.6811	0.26348	16.23	1,989.22	0.2424	26.30	0.121960	0.009026900162			1.2021	10.1894		31.17		0.6799	7.0614	0.486642		110.78			202.69		31,344	112.77
2021-06-24		207.66	1.251400	302.69	0.8334	0.373445		11.47	16.80			33,682.80		1.5053	0.23497	15.81	1,968.96	0.2465	26.37	0.112911	0.009016319538			1.1782	9.8044		30.85		0.6604	7.0541	0.478774		110.91			196.01		30,984	111.75
2021-06-23		206.03	1.155800	278.11	0.7424	0.334695		10.55	16.29			32,515.71		1.4003	0.190671	14.66	1,878.63	0.2171	24.84	0.121798	0.009020386073			1.0752	9.7801		26.91		0.5767	6.8063	0.452857		110.86			225.58		28,626	106.34
2021-06-22		212.56	1.175200	282.63	0.7544	0.392428		11.19	15.44			31,622.38		1.4483	0.178682	15.72	1,886.67	0.2352	25.15	0.111028	0.009029345372			1.0978	11.5069		26.59		0.6227	6.6406	0.459373		110.75			218.69		29,368	101.28
2021-06-21		272.92	1.427000	367.05	0.9342	0.538498		13.93	19.42			35,641.14		1.9245	0.28066	20.64	2,245.32	0.3088	29.91	0.171270	0.009072763564			1.3997	12.4268		35.26		0.8219	8.4238	0.589522		110.22			201.51		36,053	131.91
2021-06-20		255.24	1.387400	368.31	0.9379	0.537279		13.40	18.89			35,563.14		1.8609	0.286394	20.26	2,171.34	0.3090	29.60	0.177009	0.009073586789			1.3609	13.0487		35.24		0.8272	7.4905	0.589739		110.21			203.10		33,349	128.29
2021-06-19		265.40	1.417600	395.88	0.992	0.558700		13.64	19.69			35,854.53		1.9257	0.293649	21.45	2,235.16	0.2954	29.74	0.168863	0.009073586789			1.3805	12.7936		36.82		0.8327	7.8367	0.580015		110.21			264.70		34,156	132.73
2021-06-18		293.53	1.482800	459.71	1.065	0.598766		14.86	22.35			38,099.48		2.0990	0.306428	22.55	2,374.59	0.3213	32.11	0.181584	0.009073586789			1.5038	13.3545		39.27		0.8935	8.4709	0.562524		110.21			268.75		36,351	142.31
2021-06-17		290.30	1.484600	469.52	1.0164	0.591262		14.08	22.26			38,341.42		2.0692	0.307749	23.02	2,367.31	0.2804	31.90	0.157665	0.009067827349			1.4789	13.7695		39.69		0.9029	8.4779	0.503269		110.28			266.10		36,384	136.92
2021-06-16		311.93	1.556600	615.48	1.0327	0.639666		14.72	23.96			40,168.69		2.2396	0.320378	23.97	2,544.86	0.2889	33.85	0.175966	0.009100837277			1.6281	14.0770		39.55		0.9696	9.1129	0.498721		109.88			277.19		38,944	136.70
2021-06-15		319.40	1.573900	669.01	1.0712	0.655821		15.07	24.30			40,427.17		2.2674	0.326785	25.19	2,587.76	0.2979	34.06	0.167198	0.009081002543			1.5944	14.1853		40.54		0.9912	9.2233	0.544747		110.12			262.39		39,392	138.27
2021-06-14		316.28	1.557000	643.93	1.0408	0.612134		14.75	23.83			39,016.97		2.2051	0.323903	22.04	2,508.77	0.2799	32.84	0.164209	0.009092562284			1.4652	14.6553		38.70		0.9478	8.6330	0.575076		109.98			279.60		38,578	132.95
2021-06-13		278.74	1.480500	647.57	0.9892	0.580613		13.53	22.51			35,555.79		2.0832	0.312485	20.76	2,372.69	0.2393	30.75	0.141123	0.009111617312			1.3409	13.3977		36.51		0.8958	7.8366	0.423947		109.75			281.07		36,294	125.94
2021-06-12		285.44	1.437700	688.93	0.9734	0.591707		13.42	23.09			37,340.14		2.1575	0.318893	20.96	2,354.75	0.2530	31.53	0.159833	0.009111617312			1.2503	13.1943		36.16		0.9369	8.5646	0.482242		109.75			260.70		36,935	124.77
2021-06-11		310.25	1.533100	742.05	1.047	0.661265		14.20	24.54			36,697.03		2.2652	0.326364	22.68	2,472.86	0.2798	32.68	0.164197	0.009111617312			1.3631	11.8572		41.11		0.9848	9.4116	0.531011		109.75			243.33		37,827	134.09
2021-06-10		339.01	1.627800	730.04	1.0397	0.727899		15.39	26.27			37,389.52		2.5253	0.343339	23.2	2,611.14	0.3066	33.66	0.190414	0.009133254178			1.491	13.8226		42.02		1.0211	10.5484	0.575974		109.49			242.92		40,498	145.07
2021-06-09		330.01	1.583500	704.22	0.9406	0.675883		14.81	25.24			33,416.98		2.3231	0.326423	21.66	2,510.20	0.2926	30.93	0.185777	0.009123255177			1.4801	16.6438		41.28		1.0020	10.0849	0.577913		109.61			255.68		39,707	131.06
2021-06-08		334.94	1.567100	733.26	0.9629	0.705331		15.55	27.17			33,589.52		2.1521	0.331822	21.7	2,594.60	0.2982	31.93	0.202006	0.00913492281			1.4863	14.8956		38.25		1.0282	10.2748	0.477979		109.47			274.80		40,424	135.95
2021-06-07		365.47	1.677200	749.54	1.0255	0.791627		17.40	29.12			35,835.27		2.4590	0.371566	24.2	2,713.05	0.3415	33.82	0.228230	0.009153318078			1.5816	15.2608		42.25		1.1551	11.5472	0.459268		109.25			253.43		43,070	149.56
2021-06-06		356.80	1.656500	756.93	0.9767	0.778734		17.24	28.54			35,538.61		2.5318	0.371676	23.79	2,629.75	0.3128	33.52	0.235370	0.009139097057			1.5276	15.3317		39.75		1.0630	11.5750	0.444525		109.42			249.20		42,263	153.87
2021-06-05		373.40	1.709900	772.21	1.0294	0.824988		18.26	29.13			36,880.16		2.6967	0.376752	25.02	2,691.62	0.3360	34.69	0.240651	0.009139097057			1.6325	15.8404		37.42		1.1132	11.8561	0.43092		109.42			272.60		42,643	155.59
2021-06-04		398.55	1.846700	845.87	1.1103	0.925716		20.28	31.76			39,242.48		2.5025	0.400982	26.99	2,857.17	0.3818	36.45	0.230217	0.009139097057			1.8248	15.9856		39.58		1.2191	13.2310	0.431529		109.42			264.06		45,877	172.92
2021-06-03		384.44	1.754600	794.07	1.0192	0.837847		18.70	30.58			37,599.41		2.3334	0.423739	25.94	2,708.38	0.3502	34.96	0.233036	0.009067827349			1.8002	16.8190		34.02		1.1948	12.5498	0.367237		110.28			287.83		45,205	164.47
2021-06-02		372.91	1.736100	780.96	0.8956	0.824070		17.75	29.08			36,699.92		2.0490	0.370302	22.85	2,634.46	0.3095	33.81	0.207202	0.009124920157			1.8242	16.4961		30.94		1.0564	12.0522	0.364899		109.59			309.50		45,087	154.05
2021-06-01		382.43	1.738400	825.47	0.9363	0.867912		18.16	30.75			37,293.79		1.9621	0.325744	23.3	2,707.56	0.3209	34.08	0.240756	0.009138261903			1.8728	16.8598		32.77		1.0936	12.4768	0.339096		109.43			294.71		47,059	161.96
2021-05-31		324.58	1.575600	747.22	0.849	0.752692		16.52	27.66			35,658.59		1.6791	0.301949	20.48	2,387.20	0.2951	31.43	0.209492	0.009104980424			1.8649	16.6045		28.60		1.0162	10.8332	0.304624		109.83			266.43		41,900	150.07
2021-05-30		297.75	1.404300	722.45	0.8297	0.701371		16.18	26.85			34,607.41		1.7408	0.302969	19.86	2,278.29	0.2760	30.34	0.193591	0.009104980424			1.6914	17.3644		27.41		1.0159	10.0381	0.286372		109.83			272.44		39,184	149.17
2021-05-29		319.96	1.513600	772.68	0.8991	0.769435		16.73	28.29			35,684.16		1.5899	0.311398	21.37	2,414.07	0.3037	32.25	0.209824	0.009104980424			1.8182	16.6354		29.00		1.0576	10.6044	0.293539		109.83			261.93		40,883	164.68
2021-05-28		371.61	1.650600	927.59	0.9721	0.893612		19.07	31.52			38,507.08		1.7526	0.333651	23.98	2,742.47	0.3476	35.90	0.244600	0.009104980424			2.0399	14.6285		33.68		1.2058	12.1076	0.31194		109.83			243.00		46,766	149.91
2021-05-27		415.20	1.781100	952.68	1.0239	0.968849		20.83	33.89			39,316.89		1.8945	0.353463	24.55	2,888.75	0.3776	36.78	0.282161	0.00910663874			2.2131	13.9567		35.48		1.2882	13.4518	0.307073		109.81			262.52		50,198	158.71
2021-05-26		370.81	1.554500	917.46	0.9766	0.855353		19.49	31.75			38,392.63		1.6145	0.346396	22.19	2,707.05	0.3296	33.22	0.242677	0.009165902841			1.9382	13.3073		30.05		1.1046	12.2593	0.278913		109.1			251.82		46,924	145.51
2021-05-25		386.97	1.550400	888.33	0.9792	0.930716		19.39	31.78			38,795.78		1.6262	0.366041	23.26	2,649.03	0.3433	33.32	0.236169	0.009178522258			1.7425	12.7751		31.40		1.0882	11.9748	0.279354		108.95			268.81		48,396	149.33
2021-05-24		294.32	1.316200	658.02	0.8201	0.654306		15.63	25.49			34,700.36		1.3215	0.306715	17.92	2,099.94	0.2522	27.00	0.200766	0.009190331771			1.0773	8.2607		24.50		0.9052	9.0178	0.252023		108.81			246.87		32,683	114.59
2021-05-23		335.39	1.4657	899.86		0.884498		18.85	29.97			37,531.45		1.6306	0.342522	22.07	2,298.37	0.2909	33.32	0.299314	0.009179364788			1.1955	9.5814		31.23		1.0358	11.0874			108.94			256.05		38,519	142.64
2021-05-22		373.80	1.5531	976.28		1.050606		21.87	32.89		326.80	37,371.03		1.8475	0.358717	24.47	2,436.01	0.3525	36.06	0.320509	0.009179364788			1.487	11.6276		38.99		1.1186	12.7726			108.94			226.52		43,733	157.04
2021-05-21		467.53	1.8026	1,173.54		1.314407		25.10	38.39			40,596.95		2.2040	0.398124	29.02	2,772.34	0.4487	40.78	0.408877	0.009179364788			1.831	14.8451		44.45		1.1954	15.1424			108.94			231.54		51,801	182.69
2021-05-20		412.88	1.472	978.27		1.148850		23.13	33.92			36,753.67		1.9470	0.330252	25.06	2,439.64	0.3949	36.75	0.364004	0.009192021325			1.6257	14.6052		35.04		0.9701	13.1614			108.79			256.91		45,916	146.65
2021-05-19		629.23	2.0066	1,351.69		1.893110		36.98	49.73			42,944.98		3.4945	0.476435	40.69	3,382.66	0.6836	51.02	0.446074	0.009194556822			2.4483	23.2411		56.09		1.5419	21.5076			108.76			281.02		73,002	255.22
2021-05-18		572.22	2.0281	1,281.92		1.779962		33.63	48.60		624.39	43,488.06		3.0775	0.486954	38.63	3,276.87	0.5801	50.42	0.464193	0.009173470324			1.724	23.9373	10.1001	46.66		1.4960	16.1480			109.01	1.0000		198.25		64,243	235.08
2021-05-17		527.26	2.3002	1,319.47		1.894580		36.55	54.04			46,415.90		3.2729	0.513413	42.39	3,581.34	0.6310	54.01	0.520271	0.009160025648			1.7192	25.5019		46.90		1.5889	16.5618			109.17			341.58		65,894	262.22
2021-05-16		515.71	2.1714	1,340.69		1.938770		34.43	56.26			46,716.64		3.2114	0.50791	43.53	3,641.83	0.6132	53.25	0.576795	0.009143275121			1.5966	26.4816		43.40		1.6224	16.1742			109.37			339.45		66,808	270.55
2021-05-15		594.44	2.0066	1,493.31		2.217828		36.95	63.26			49,855.50		3.6732	0.559668	47.96	4,075.95	0.6912	57.87	0.736865	0.009143275121			1.4716	27.3137		42.70		1.8005	18.5616			109.37			390.81		77,611	305.66
2021-05-14		508.92	1.9273	1,360.55		2.239564		35.04	59.89			49,682.98		3.3617	0.48707	39.97	3,720.12	0.6177	54.67	0.736721	0.009143275121			1.0522	27.1885		41.03		1.7008	14.7614			109.37			382.14		66,041	296.02
2021-05-13		508.13	1.5053	1,520.64	1.2144	1.808345		32.81	62.05			46980.02		3.3144	0.3663	35.06	3,828.92	0.6001	56.22	0.828731	0.009127418766	39.62		0.9605	26.4911		43.24			14.8513			109.56			412.67		65,830.41	281.39
2021-05-12		457.4	1.7635	1,579.33	1.4737	1.877579		36.76	70.65			56714.53		3.3120	0.4937	38.65	4,174.64	0.7875	61.31	0.897202	0.009129918744	48.84		1.0666	28.4123		44.59			15.2527			109.53			402.50		82,835.78	301.95
2021-05-11		433.16	1.6417	1,642.70	1.371	1.666864		34.69	61.67			55847.24		3.0886	0.4505	36.51	3,948.27	0.7702	59.20	0.713608	0.0092140422	46.32		0.8761	28.4761		42.87			13.8424			108.53			396.70		62,364.77	283.86
2021-05-10		459.3	1.7661	1,682.73	1.5147	1.882223		38.93	66.19			58250.87		3.4442	0.5697	40.3	3,924.41	0.9171	60.94	0.648282	0.009199632015	52.25		0.9699	28.6915		44.34			15.5065			108.7			453.21		53,362.05	304.37
2021-05-09		466.57	1.6203	1,779.55	1.5173	1.875637		38.40	69.64			58877.39		3.5664	0.6358	39.89	3,911.46	0.8154	61.35	0.868114	0.009214891264	48.62		0.849	28.0602		45.62			16.3141			108.52			441.25		54,095.74	314.88
2021-05-08		445.22	1.6545	1,607.88	1.5775	1.943685		37.90	64.77			57352.77		3.6554	0.6878	39.88	3,481.99	0.7752	58.60	0.719694	0.009214891264	49.16		0.7515	29.5471		43.15			15.8053			108.52			483.71		53,368.33	319.56
2021-05-07		452.41	1.6487	1,592.44	1.5445	1.929280		37.97	66.19			56413.95		3.2425	0.5811	41.58	3,490.11	0.7311	57.99	0.676002	0.009214891264	47.14		0.7629	30.3948		43.50			16.5137			108.52			475.82		52,366.63	308.00
2021-05-06		479.77	1.4781	1,547.66	1.4423	1.988567		35.25	68.86			57441.31		3.0937	0.6528	40.44	3,524.93	0.7830	58.50	0.985957	0.009160025648	49.55		0.8092	33.9808		44.97			14.3679			109.17			454.72		54,522.44	290.29
2021-05-05		452.66	1.271	1,446.06	1.2747	1.861372		30.29	65.05			53252.16		2.8242	0.5374	34.77	3,240.55	0.6503	53.80	1.162675	0.00915164272	45.51		0.7033	31.3814		42.64			12.6795			109.27			422.58		50,282.53	241.07
2021-05-04		519.34	1.3629	1,538.62	1.4362	2.177545		35.88	71.88			57214.18		3.2443	0.4466	37.26	3,431.13	0.7107	57.90	1.941820	0.009145783794	42.05		0.7951	31.7441		45.98			14.3848			109.34			417.30		53,398.56	250.35
2021-05-03		480.51	1.3225	1,377.15		1.972665		31.32	61.39	1.2545		56601.5		3.2792	0.3754	36.7	2953.33	0.7535	54.94	1.724048	0.009167583425			0.8168	31.5138	10.13	46.90			13.9007	0.3577	42.87	109.08	1	0.3403	379.43	1.555	48,502.92	243.95
2021-05-02	5.52	503.71	1.3514	1,433.27		2.043934		31.79	63.28	1.2704		57825.86		3.4033	0.3911	36.9	2945.56	0.8116	55.47		0.009146620324			0.7855	31.4684	10.45	49.50			14.7707	0.3591	40.33	109.33	0.9999	0.3512	411.56	1.652	49,792.72	255.85
2021-05-01	5.65	444.87	1.3524	1,385.47		1.933441		32.90	61.78	1.2628		57714.66		3.3300	0.3376	36.52	2772.84	0.7395	54.72		0.009146620324			0.8207	32.1738	8.48	42.89			14.3565	0.3582	40.64	109.33	0.9999	0.3526		1.5984	48,906.71	245.52
2021-04-30	5.47	439.3	1.3062	1,338.69		1.607128		27.93	58.89	1.1886		53568.66		3.0199	0.3047	35.98	2757.73	0.5811	52.38		0.009146620324			0.8885	29.2922	7.99	42.50			14.0470	0.3361	41.04	109.33	1	0.3351		1.3985	46,789.43	
2021-04-29	5.55	461.08	1.3371	1,240.10		1.432247		28.30	58.75	1.1999		54858.09		3.0383	0.3232	33.96	2748.65	0.5923	52.90		0.009179364788			0.7762	30.5599	8.08	44.85			14.3088	0.3142	42.85	108.94	0.9998	0.3334		1.358	48,061.38	
2021-04-28	5.12	440.6	1.306	1,307.19		1.449822		27.92	59.60	1.2568		55036.64		3.1288	0.2723	34.79	2664.69	0.5260	53.61		0.009190331771			0.829	32.7668	8.34	43.16			14.2767	0.3213	39.63	108.81	1.0002	0.3472		1.4016	48,698.21	
2021-04-27	4.55	405.54	1.2376	1,321.79		1.334782		26.47	53.13	1.1947		54030.3		2.7776	0.2714	33.42	2534.03	0.3854	50.84		0.009211495947			0.5362	32.2941	8.22	43.89			12.1542	0.3023	38.19	108.56	0.9998	0.314		1.3667	45,248.73	
2021-04-26	3.99	347.64	1.0902	1,233.08		1.218916		21.62	47.91	1.0249		49077.79		2.3815	0.2512	29.81	2319.48	0.3057	46.42		0.009248982612			0.384	26.2721	7.11	47.54			10.9605	0.2667	34.34	108.12	1.0002	0.2697		1.0352	39,754.47	
2021-04-25	3.95	317.67	1.1027	1,300.79		1.232505		21.83	46.42	1.0324		50052.83		2.3758	0.2698	28.97	2214.41	0.2780	45.49		0.009264406152			0.3548	25.0523	7.33	40.85			10.7009	0.2385	30.13	107.94	1.0001	0.2698		1.0495	39,208.30	
2021-04-24	4.28	345.77	1.1588	1,364.82		1.373391		23.58	50.88	1.1859		51143.23		2.6410	0.2495	32.26	2367.2	0.3154	47.42		0.009264406152			0.3819	26.8796	8.16	37.26			11.8275	0.265	32.94	107.94	1.0001	0.2888		1.1702	43,321.28	
2021-04-23	4.59	361.73	1.1458	1,416.96		1.362228		23.99	54.42	1.1008		51739.81		2.7636	0.261	32.96	2401.26	0.3279	48.82		0.009264406152			0.3501	30.5139	7.56	38.90			12.3272	0.251	34	107.94	0.9999	0.2985		1.1571	45,434.72	
2021-04-22	5.02	353.46	1.2039	1,567.55		1.520555		25.83	55.06	1.2273		53857.11		2.8890	0.306	33.79	2357.87	0.3682	50.89		0.009244707405			0.3565	31.0661	8.7	32.68			12.4544	0.29	33.42	108.17	0.9999	0.3566		1.2918	45,417.18	
2021-04-21	5.02	361.58	1.2677	1,601.05		1.360381		27.41	55.80	1.2739		56471.13		3.0286	0.317	35.46	2331.16	0.4007	52.76		0.009251549635			0.3423	32.2263	8.69	31.68			12.7047	0.3108	31.98	108.09	1.0001	0.3715		1.3862	48,895.75	
2021-04-20	4.85	346.12	1.1946	1,560.97		1.275127		26.14	51.75	1.3259		55681.79		2.8197	0.4084	34.72	2161.94	0.4003	49.31		0.009253261775			0.3255	37.3551	9.67	31.48			12.1486	0.3006	31.39	108.07	0.9999	0.3765		1.31	46,775.42	
2021-04-19	5.3	381.82	1.278	1,666.67		1.472644		29.29	57.80	1.3507		56191.59		3.2235	0.3205	37.37	2238.03	0.4234	50.21		0.009251549635			0.3635	38.3734	11.44	32.34			14.0251	0.3181	31.63	108.09	1	0.4041		1.4095	53,426.81	
2021-04-18	6.54	430.18	1.3862	1,752.39		1.693354		34.36	61.72	1.4914		60701.89		3.8270	0.2851	42.56	2346.45	0.5007	52.18		0.009192866336			0.4067	43.5460	12.88	25.14			16.0184	0.3608	35.15	108.78	1.0114	0.4759		1.5591	49,197.54	
2021-04-17	5.82	441.31	1.4138	1,881.91		1.628280		35.54	63.62	1.5239		61529.92		3.9199	0.3661	41.51	2429.98	0.4561	53.24		0.009192866336			0.4367	48.2612	6.17	25.37			16.2832	0.389	36.23	108.78	1.0024	0.4572		1.553	53,136.48	
2021-04-16	6.09	466.27	1.4796	1,893.10		1.663500		37.02	67.48	1.5204		63258.5		4.0276	0.1816	43.47	2516.6	0.4445	56.24		0.009192866336			0.441	54.3469	5.7	27.82			17.5753	0.3636	37.76	108.78	1.0011	0.4379		1.7593	50,294.23	
2021-04-15	5.89	428.94	1.4538	1,710.88		1.614092		38.42	65.25	1.4657		63075.2		3.1642	0.1212	42.57	2436.03	0.4177	56.14		0.009192866336			0.4147	54.7119	5.46	26.44			17.5447	0.3349	36.14	108.78	1.0015	0.418		1.8373	47,286.23	
2021-04-14	5.61	398.21	1.411	1,639.93		1.530677		33.64	54.43	1.4995		63523.75		3.1177	0.0943	42.9	2299.35	0.4175	55.28		0.009180207473			0.4224	53.5548	5.75	27.40			15.8445	0.3521	35.4	108.93	0.9992	0.424		1.7942	44,769.81	
2021-04-13	5.5	397.28	1.3149	1,805.59		1.632502		33.80	51.89	1.4214		59890.02		3.0334	0.0707	40.45	2139.36	0.4283	52.82		0.009158347834			0.3576	52.9197	5.72	28.54			16.0493	0.358	36.68	109.19	1	0.4216		1.4701	43,077.97	
2021-04-12	5.69	372.46	1.2662	1,956.31		1.574630		31.67	52.29	1.4417		60175.95		3.1192	0.0745	41.42	2157.36	0.4592	51.41		0.009138261903			0.3703	59.9463	5.84	27.92			14.2162	0.355	29.97	109.43	1.0022	0.4432		1.354	45,135.68	
2021-04-11	5.74	367.49	1.2184	1,860.74		1.587883		31.80	50.71	1.4667		59846.23		2.9622	0.0637	41.61	2136.16	0.4394	49.16		0.009120758847			0.3581	57.4399	6.06	26.81			14.5126	0.3615	29.77	109.64	1.0005	0.4158		1.3721	44,619.13	
2021-04-10	6.11	359.37	1.2035	1,890.53		1.689126		31.54	51.90	1.5411		58253.78		2.9824	0.0616	40.83	2071.11	0.4526	49.99		0.009120758847			0.3675	55.9927	6.18	27.65			14.5509	0.3758	29.55	109.64	1.0011	0.4061		1.0203	45,820.54	
2021-04-09	6.21	377.93	1.2195							1.2933		58326.56			0.0615	41.35	2088.77				0.009120758847			0.3562		5.84					0.3855	30.22	109.64	1.0007	0.4193		1.0534		
2021-04-08	5.57	351.39	1.1761							1.1873		56099.91			0.059	39.63	1969.13				0.009153318078			0.3378		5.26					0.3606	28.61	109.25	1.0019	0.3819		0.9191		
2021-04-07	5.19	384.01	1.2555							1.332		58186.51			0.0645	43.42	2117.73				0.009118263883			0.3745		5.76					0.3484	31.29	109.67	1.0016	0.4843		1.0975		
2021-04-06	5.31	398.23	1.2143							1.2803		59171.93			0.0597	45.81	2109.49				0.009104980424			0.3705		5.7					0.377	30.82	109.83	1.0001	0.427		0.9169		
2021-04-05	4.59	404.39	1.1916							1.1867		58760.88			0.0574	44.67	2093.26				0.009084302326			0.3627		5.41					0.4121	31.07	110.08	1.0034	0.4162		0.6467		
2021-04-04	4.27	385.53	1.173							1.1306		57604.84			0.0558	41.61	2027.67				0.009035872413			0.3539		5.04					0.3957	29.54	110.67	1.0031	0.3888		0.5909		
2021-04-03	4.68	406.88	1.1963							1.2089		59397.41			0.0577	41.18	2142.9				0.009035872413			0.3835		5.13					0.4403	30.16	110.67	1.0005	0.3823		0.6168		
2021-04-02	4.45	377.51	1.1892							1.1631		59098.88			0.062	37.63	1976.93				0.009035872413			0.3642		5.12					0.4166	28.74	110.67	1.0006	0.381		0.5794		
2021-04-01	4.34	377.18	1.1936							1.1434		58926.56			0.0537	37.09	1919.16				0.00904077389			0.3603		5.22					0.416	27.98	110.61	1	0.383		0.574		
2021-03-31	4.51		1.2137							1.1745		58930.28			0.0539	34.08	1846.1				0.00904077389					4.87					0.4113	28.49	110.61	1.0008	0.3951		0.5668		
2021-03-30	4.6		1.2026							1.1395		57750.13			0.0541	34.36	1819.47				0.009075233687					4.79					0.4123		110.19	0.9998	0.3834		0.5677		
2021-03-29	4.09		1.191							1.1188		55947.9			0.0537	32.29	1691.26				0.009113278046					4.54					0.4118		109.73	1.0006	0.3702		0.5506		
2021-03-28	4		1.1768							1.0814		55974.94			0.0544	32.64	1716.41				0.00912825194					4.47					0.4046		109.55	1.0005	0.3527		0.5504		
2021-03-27	4.01		1.2141							1.0748		55137.57			0.0539	33.2	1703.04				0.00912825194					4.48					0.4156		109.55	1.0013	0.3529		0.5672		
2021-03-26	3.68		1.1014							0.975		51683.01			0.0514	29.97	1595.21				0.00912825194					4.17					0.4185		109.55	1.001	0.3304		0.5174		
2021-03-25	3.73		1.0745							0.9923		52726.75			0.0517	30.36	1593.12				0.009163383121					4.53					0.3958		109.13	1.0012	0.3431		0.4882		
2021-03-24	4.1		1.1213							1.0599		54710.49			0.0535	34.45	1678				0.009190331771					4.88					0.4804		108.81	1.001	0.3686		0.5563		
2021-03-23	4.31		1.1093							1.0935		54511.66			0.0549	35.51	1690.87				0.009207255317					4.78					0.3793		108.61	1.0018	0.3673		0.5501		
2021-03-22	4.67		1.1892							1.1162		57517.89			0.0573	36.79	1788.36				0.009202171713					5					0.3341		108.67	1.0011	0.3726		0.5198		
2021-03-21	4.74		1.2064							1.091		58309.91			0.059	37.36	1812.61				0.009186954525					5.07					0.3189		108.85	1.0023	0.3699		0.5274		
2021-03-20	4.91		1.3015							1.1885		58332.26			0.0583	38.29	1817.52				0.009186954525					5.11					0.3427		108.85	1.0028	0.3842		0.4711		
2021-03-19	4.58		1.2386							1.216		57850.44			0.0574	35.5	1782.57				0.009186954525					5.04					0.3529		108.85	1.001	0.3786		0.4728		
2021-03-18	5		1.3784							1.2329		58893.08			0.0576	36.11	1823.16				0.009176837662					5.19					0.3467		108.97	0.999	0.3959		0.4724		
2021-03-17	4.55		1.2436							1.0295		56825.83			0.0586	35.44	1807.06				0.009155832265					4.96					0.353		109.22	1	0.3934		0.4628		
2021-03-16	3.95		1.0332							0.7609		55840.79			0.0571	34.34	1792.41				0.009173470324					4.93					0.344		109.01	1.0004	0.3722		0.4375		
2021-03-15	3.85		1.0586							0.77		59267.43			0.0585	36.56	1854.09				0.009165062781					5.06					0.3753		109.11	0.9998	0.3312		0.4421		
2021-03-14	4.1		1.103							0.815		61221.13			0.0624	37.17	1923.86				0.009185266832					5.35					0.37		108.87	0.9998	0.3621		0.4596		
2021-03-13	3.8		1.0389							0.7557		57343.37			0.0554	35.99	1772.17				0.009185266832					5.06					0.3939		108.87	1.0004	0.3848		0.4411		
2021-03-12	4		1.1248							0.8026		57821.22			0.0559	36.89	1826.55				0.009185266832					5.51					0.3614		108.87	1.0006	0.5874		0.453		
2021-03-11	4		1.1344							0.8191		55963.18			0.056	37.54	1798.03				0.009221689414					5.65					0.2525		108.44	1.0006	0.6075		0.463		
2021-03-10	4.44		1.1951							0.7456		54824.01			0.058	38.18	1868.49				0.009209799226					5.92					0.1828		108.58	1.0007	0.7004		0.4859		
2021-03-09	4.32		1.1181							0.7392		52272.97			0.0621	34.93	1835.15				0.009204712813					5.75					0.1708		108.64	1.0004	0.7084		0.4737		
2021-03-08	3.98		1.1329							0.6941		51174.12			0.0521	35.18	1724.23				0.009181050312					5.2					0.1469		108.92	1.0003	0.7089		0.4669		
2021-03-07	3.85		1.1308							0.6658		48918.68			0.051	33.43	1655.39				0.009238728751					5.12					0.1409		108.24	1.0001	0.7409		0.4651		
2021-03-06	3.74		1.1675							0.6813		48899.23			0.0496	33.69	1532.37				0.009238728751					5.16					0.1403		108.24	1.0008	0.7237		0.4579		
2021-03-05	3.83		1.1146							0.6935		48527.03			0.05	35.32	1541.54				0.009238728751					5.13					0.1434		108.24	1.0001	0.7011		0.4858		
2021-03-04	4.08		1.2164							0.766		50522.3			0.0506	37.04	1574.62				0.009295408068					5.42					0.1288		107.58	1.0004	0.7924		0.4501		
2021-03-03			1.2257							0.6021		48415.82			0.0503	36.16	1491.45				0.009352787131					5.08					0.1227		106.92	1.001	0.7651		0.4369		
2021-03-02			1.2936							0.5821		49612.11			0.0506	35.59	1564.06				0.009367681499					5.32					0.1121		106.75	1.0004	0.6565		0.4465		
2021-03-01			1.3098							0.5204		45159.5			0.0481	33.64	1417.15				0.009373828271					4.95					0.0928		106.68	1.0021	0.608		0.4151		
2021-02-28			1.3236							0.5155		46194.02			0.0501	33.45	1459.86				0.009377344336					5.15					0.0949		106.64	1.0012	0.583		0.4378		
2021-02-27			1.2421							0.5265		46344.77			0.0505	31.4	1446.93				0.009377344336					5.14					0.0829		106.64	1	0.5136		0.4279		
2021-02-26			1.0808							0.4819		47180.46			0.0501	31.14	1478.65				0.009377344336					5.19					0.0797		106.64	1.0001	0.4981		0.4349		
2021-02-25			1.0513							0.5149		49709.08			0.0566	33.62	1625.39				0.009414422896					5.8					0.0873		106.22	1.0007	0.5349		0.4718		
2021-02-24			0.955							0.473		48835.09			0.0474	34.33	1571.48				0.009441979039					5.16					0.0842		105.91	1	0.5385		0.4742		
2021-02-23			1.0988							0.54		54204.93			0.0537	37.66	1781.41				0.009504799924					6.35					0.0923		105.21	1.0002	0.7079		0.571		
2021-02-22			1.1004							0.6058		57532.74			0.056	39.7	1935.56				0.009518370455					6.82					0.0906		105.06	1.0003	0.5664		0.5483		
2021-02-21			1.1216							0.5795		56068.57			0.0544	39.17	1918.67				0.009471490813					6.88					0.0896		105.58	1.0001	0.5082		0.5169		
2021-02-20			0.9275							0.6127		55887.34			0.0551	34.8	1959.9				0.009471490813					7.23					0.0866		105.58	1.0002	0.5231		0.5669		
2021-02-19			0.9143							0.634		51675.98			0.0594	31.19	1938.86				0.009471490813					7.44					0.0611		105.58	1	0.4361		0.5326		
2021-02-18			0.8909							0.5754		52140.97			0.0494	31.98	1848.21				0.009461633078					6.42					0.0584		105.69	1.0004	0.3966		0.5351		
2021-02-17			0.8709							0.5552		49207.28			0.0535	30.16	1781.35				0.009449116508					6.41					0.0583		105.83	1.0003	0.3803		0.5208		
2021-02-16			0.8607							0.5387		47944.46			0.0565	27.76	1778.95				0.009444654326					6.35					0.0607		105.88	1.0003	0.3824		0.5486		
2021-02-15			0.8478							0.5615		48696.54			0.0626	27.06	1804.68				0.009529254812					5.84					0.0575		104.94	1.0008	0.3688		0.5935		
2021-02-14			0.9063							0.6179		47114.51			0.0664	28.01	1814.37				0.009529254812					6.51					0.0536		104.94	1.0008	0.3981		0.6284		
2021-02-13			0.9254							0.6282		47491.2			0.07	28.69	1843.99				0.009529254812					6.8					0.0477		104.94	1.0017	0.3988		0.6081		
2021-02-12			0.9271							0.5925		47877.04			0.0697	25.17	1783.49				0.009529254812					5.97					0.045		104.94	1.0005	0.398		0.5246		
2021-02-11			0.9308							0.4418		44898.71			0.0728	23.59	1743.71				0.009546539379					4.5					0.0419		104.75	1.0007	0.37		0.5031		
2021-02-10			0.7035							0.4338		46469.76			0.0701	23.11	1768.04				0.009553835865					4.63					0.0412		104.67	1.0013	0.3324		0.4719		
2021-02-09			0.6821							0.4183		46184.99			0.0788	23.03	1746.93				0.009558401835					3.8					0.0386		104.62	1.0011	0.323		0.4477		
2021-02-08			0.6624							0.408		38886.83			0.0784	19.78	1613.64				0.009506607092					3.58					0.0353		105.19	1.0012	0.3067		0.4178		
2021-02-07			0.6288							0.3527		39250.19			0.0575	20.39	1677.61				0.009484066768					3.65					0.0339		105.44	1.0011	0.2741		0.4391		
2021-02-06			0.5378							0.3705		38138.39			0.0469	20.89	1717.8				0.009484066768					3.77					0.0348		105.44	1.0001	0.2853		0.4502		
2021-02-05			0.4411							0.3127		36931.55			0.053	19.69	1594.79				0.009484066768					3.45					0.0323		105.44	1.0008	0.2649		0.4453		
2021-02-04			0.4414							0.3219		37475.11			0.0372	20.73	1661.17				0.009484966328					3.61					0.0324		105.43	1.001	0.2842		0.3934		
2021-02-03			0.426							0.3171		35510.82			0.0315	17.25	1514.77				0.009519276535					3.54					0.0301		105.05	1.0014	0.274		0.3694		
2021-02-02			0.403							0.3152		33533.2			0.0349	16.38	1369.51				0.00951565325					3.53					0.029		105.09	1.0006	0.2642		0.3705		
2021-02-01			0.3448							0.3023		33114.58			0.0371	16.12	1314.86				0.00952653139					3.43					0.0278		104.97	1.0008	0.2347		0.4925		
2021-01-31			0.3626							0.3154		34270.88			0.0282	16.51	1376.82				0.009556574924					3.61					0.0286		104.64	1.0012	0.2308		0.4378		
2021-01-30			0.3481							0.3091		34295.93			0.0468	16.84	1382.23				0.009556574924					3.88					0.0294		104.64	1.0005	0.2343		0.2822		
2021-01-29			0.3523							0.303		34318.67			0.0437	17.1	1369.09				0.009556574924					4.07					0.0292		104.64	1.0013	0.2395		0.2705		
2021-01-28			0.313							0.3051		30441.04			0.0075	15.5	1251.28				0.009586808551					2.9					0.0293		104.31	1.0018	0.2325		0.2519		
2021-01-27			0.3442							0.2989		32564.03			0.0083	17.12	1358.33				0.009607070804					3.21					0.0331		104.09	1.0011	0.2454		0.2689		
2021-01-26			0.3438							0.3014		32358.61			0.0084	17.24	1323.74				0.009644131546					3.18					0.0291		103.69	1	0.2224		0.269		
2021-01-25			0.3539							0.3191		32285.8			0.0087	18	1390.64				0.009635767971					3.38					0.0285		103.78	1.0015	0.2145		0.2735		
2021-01-24			0.3456							0.3293		32064.38			0.0086	18.6	1231.21				0.009637625289					3.14					0.0293		103.76	1.0006	0.2159		0.2718		
2021-01-23			0.3493							0.3145		32985.76			0.0085	17.16	1235.27				0.009637625289					3.18					0.0273		103.76	1.0014	0.2164		0.2726		
2021-01-22			0.3101							0.2447		30817.63			0.0082	15.93	1118.89				0.009637625289					2.92					0.0249		103.76	0.9998	0.2123		0.2688		
2021-01-21			0.3754							0.2791		35549.4			0.0091	17.98	1382.68				0.00965530559					3.41					0.0297		103.57	1.0007	0.2399		0.2965		
2021-01-20			0.3689							0.2701		36050.11			0.0091	16.45	1375.25				0.00962834585					3.5					0.0293		103.86	1.0004	0.247		0.2942		
2021-01-19			0.3715							0.2828		36642.23			0.0092	16.52	1257.43				0.00962834585					3.6					0.0273		103.86	1.0008	0.2353		0.2848		
2021-01-18			0.3797							0.2729		35792.24			0.0091	17	1230.31				0.009633911368					3.42					0.0265		103.8	1.0004	0.2235		0.2774		
2021-01-17			0.3523							0.2675		36163.65			0.0093	18.15	1233.45				0.009633911368					3.36					0.0275		103.8	1.0002	0.2186		0.2801		
2021-01-16			0.3025							0.2481		36821.65			0.0094	13.2	1171.44				0.009633911368					3.17					0.0277		103.8	0.9998	0.2143		0.2803		
2021-01-15			0.3106							0.2457		39156.71			0.0094	14.52	1221.88				0.009633911368					3.33					0.0293		103.8	0.999	0.2274		0.2956		
2021-01-14			0.3135							0.2493		37325.11			0.0086	10.95	1130.23				0.009646922632					3.55					0.0285		103.66	1	0.2289		0.3055		
2021-01-13			0.2867							0.2309		33915.12			0.0081	8.27	1043.74				0.009623712828					3.46					0.0253		103.91	1.0005	0.2134		0.292		
2021-01-12			0.2752							0.2292		35516.36			0.0088	8.27	1088.53				0.009607070804					2.83					0.0248		104.09	1.0006	0.2134		0.2887		
2021-01-11			0.305							0.2579		38346.53			0.0099	9.3	1261.62				0.009600614439					3.21					0.0263		104.16	1.0003	0.2353		0.3179		
2021-01-10			0.333							0.2756		40254.22			0.0102	9.78	1280.87				0.009625565502					3.54					0.0276		103.89	1.0029	0.2413		0.3268		
2021-01-09			0.3056							0.251		40788.64			0.0098	9.31	1223.74				0.009625565502					4.05					0.0266		103.89	1	0.2339		0.3232		
2021-01-08			0.3004							0.2568		39381.77			0.0097	9.65	1225.97				0.009625565502					4.36					0.0282		103.89	1.0004	0.2473		0.3261		
2021-01-07			0.3323							0.2505		36833.88			0.0105	10.09	1208.08				0.009630200308					2.53					0.0306		103.84	1.0014	0.2581		0.2509		
2021-01-06			0.2585							0.2319		34013.61			0.0099	9.71	1101.01				0.009685230024					1.55					0.0302		103.25	1.0022	0.206		0.2269		
2021-01-05			0.2248							0.2179		31977.04			0.0098	9.48	1041.5				0.009737098345					1.5					0.0293		102.7	1.0002	0.205		0.2366		
2021-01-04			0.2052							0.2166		32810.95			0.0098	10.06	977.06				0.009690861518					1.7					0.0321		103.19	1.0005	0.2115		0.226		
2021-01-03			0.1774							0.2041		32129.41			0.0106	9.21	774.51				0.009690861518					1.05					0.0378		103.19	1.0004	0.2032		0.2217		
2021-01-02			0.1754							0.2051		29376.46			0.0057	8.31	730.4				0.009690861518					1.03					0.0337		103.19	1.0019	0.2221		0.2377		
2021-01-01			0.1814							0.1997		28994.01			0.0047	9.29	737.71				0.009690861518					1.02					0.0337		103.19	1.0006	0.2055		0.2198		
2020-12-31																					0.009690861518												103.19						
2020-12-30																					0.009679605072												103.31						
2020-12-29																					0.009661835749												103.5						
2020-12-28																					0.009630200308												103.84						
2020-12-27																					0.009659969088												103.52						
2020-12-26																					0.009659969088												103.52						
2020-12-25																					0.009659969088												103.52						
2020-12-24																					0.009659969088												103.52						
2020-12-23																					0.009659969088												103.52						
2020-12-22																					0.009650646593												103.62						
2020-12-21																					0.009667440062												103.44						
2020-12-20																					0.009675858732												103.35						
2020-12-19																					0.009675858732												103.35						
2020-12-18																					0.009675858732												103.35						
2020-12-17																					0.009696499564												103.13						
2020-12-16																					0.009653441452												103.59						
2020-12-15																					0.009644131546												103.69						
2020-12-14																					0.009609840477												104.06						
2020-12-13																					0.009626492106												103.88						
2020-12-12																					0.009626492106												103.88						
2020-12-11																					0.009626492106												103.88						
2020-12-10																					0.009587727709												104.3						
2020-12-09																					0.009589566552												104.28						
2020-12-08																					0.009602458229												104.14						
2020-12-07																					0.009614460148												104.01						
2020-12-06																					0.009600614439												104.16						
2020-12-05																					0.009600614439												104.16						
2020-12-04																					0.009600614439												104.16						
2020-12-03																					0.00963669654												103.77						
2020-12-02																					0.009567546881												104.52						
2020-12-01																					0.009578544061												104.4						
2020-11-30																					0.009580379383												104.38						
2020-11-29																					0.009579461634												104.39						
2020-11-28																					0.009579461634												104.39						
2020-11-27																					0.009579461634												104.39						
2020-11-26																					0.009579461634												104.39						
2020-11-25																					0.009579461634												104.39						
2020-11-24																					0.009559315553												104.61						
2020-11-23																					0.009576709443												104.42						
2020-11-22																					0.009632983335												103.81						
2020-11-21																					0.009632983335												103.81						
2020-11-20																					0.009632983335												103.81						
2020-11-19																					0.00962927299												103.85						
2020-11-18																					0.009641342075												103.72						
2020-11-17																					0.009596928983												104.2						
2020-11-16																					0.009565716472												104.54						
2020-11-15																					0.009559315553												104.61						
2020-11-14																					0.009559315553												104.61						
2020-11-13																					0.009559315553												104.61						
2020-11-12																					0.009509319133												105.16						
2020-11-11																					0.009491268033												105.36						
2020-11-10																					0.009491268033												105.36						
2020-11-09																					0.009471490813												105.58						
2020-11-08																					0.009678668215												103.32						
2020-11-07																					0.009678668215												103.32						
2020-11-06																					0.009678668215												103.32						
2020-11-05																					0.00964599209												103.67						
2020-11-04																					0.009579461634												104.39						
